held_out,seed,method,n_train,n_corrected,WC_OA,WC_Kappa,WC_BE,Human_OA,Human_BE
Wuhan,0,B0_baseline,10313,0,0.91359929468812,0.8666747528728209,263,0.4533333333333333,64
Wuhan,0,B1_local_oracle,10313,15,0.9127176548379987,0.8654235093066396,271,0.4666666666666667,62
Wuhan,0,B2_loco_gated,10313,19,0.912938064800529,0.865745891409929,269,0.4666666666666667,62
Wuhan,0,B3_loco_ungated,10313,52,0.9118360149878775,0.8641044601488277,272,0.4866666666666667,61
Wuhan,0,B4_random_flip,10313,19,0.9140401146131805,0.8673459641664747,263,0.47333333333333333,63
Wuhan,1,B0_baseline,10140,0,0.9229299363057325,0.880300782326413,222,0.4266666666666667,69
Wuhan,1,B1_local_oracle,10140,28,0.9222929936305733,0.8793143715492588,231,0.44,67
Wuhan,1,B2_loco_gated,10140,14,0.9237791932059448,0.8816180414919701,222,0.4266666666666667,68
Wuhan,1,B3_loco_ungated,10140,58,0.9212314225053079,0.8776750124956423,233,0.46,64
Wuhan,1,B4_random_flip,10140,14,0.9225053078556263,0.8796264165243175,224,0.44,67
Wuhan,2,B0_baseline,10213,0,0.9191287470347207,0.8777148860022496,267,0.4266666666666667,68
Wuhan,2,B1_local_oracle,10213,22,0.9184817770109985,0.876700273754591,274,0.48,60
Wuhan,2,B2_loco_gated,10213,14,0.9189130903601467,0.8773773146850609,271,0.4533333333333333,64
Wuhan,2,B3_loco_ungated,10213,46,0.9186974336855726,0.876985922210642,272,0.47333333333333333,61
Wuhan,2,B4_random_flip,10213,14,0.9184817770109985,0.8767300514252463,268,0.43333333333333335,67
Wuhan,3,B0_baseline,10318,0,0.9218887908208296,0.8818415950833763,251,0.43333333333333335,67
Wuhan,3,B1_local_oracle,10318,27,0.9203442188879082,0.8795353924959709,255,0.46,63
Wuhan,3,B2_loco_gated,10318,16,0.9201235657546337,0.8792026650187136,255,0.4533333333333333,65
Wuhan,3,B3_loco_ungated,10318,53,0.9190203000882613,0.8775785062632262,258,0.44666666666666666,65
Wuhan,3,B4_random_flip,10318,16,0.9214474845542807,0.8812001859689463,250,0.43333333333333335,68
Wuhan,4,B0_baseline,10219,0,0.9144893111638955,0.8704445535841953,265,0.4533333333333333,65
Wuhan,4,B1_local_oracle,10219,19,0.9153530554955733,0.8718242767030756,261,0.4666666666666667,63
Wuhan,4,B2_loco_gated,10219,18,0.9162167998272511,0.87309489935328,256,0.4666666666666667,63
Wuhan,4,B3_loco_ungated,10219,55,0.9155689915784928,0.8721714005833723,262,0.4866666666666667,61
Wuhan,4,B4_random_flip,10219,18,0.9160008637443317,0.872740141251415,256,0.4533333333333333,66
Hefei,0,B0_baseline,10343,0,0.931218105169736,0.8959996212673282,241,0.3933333333333333,81
Hefei,0,B1_local_oracle,10343,13,0.931218105169736,0.8960065261548608,241,0.4,80
Hefei,0,B2_loco_gated,10343,53,0.931218105169736,0.8960087708199049,243,0.4266666666666667,76
Hefei,0,B3_loco_ungated,10343,104,0.9283337031284669,0.8916522514205486,255,0.4533333333333333,73
Hefei,0,B4_random_flip,10343,53,0.9321056134901264,0.8973322534106153,236,0.4,78
Hefei,1,B0_baseline,10072,0,0.9390958560066973,0.9085759005885106,237,0.4,77
Hefei,1,B1_local_oracle,10072,11,0.9411887819171202,0.9117027475295383,227,0.41333333333333333,76
Hefei,1,B2_loco_gated,10072,47,0.9384679782335705,0.907590552386977,241,0.4066666666666667,76
Hefei,1,B3_loco_ungated,10072,95,0.9378401004604437,0.906609612773684,244,0.44,73
Hefei,1,B4_random_flip,10072,47,0.9407701967350356,0.911077519574074,232,0.41333333333333333,76
Hefei,2,B0_baseline,9755,0,0.9336604514229637,0.8979008341301046,263,0.37333333333333335,81
Hefei,2,B1_local_oracle,9755,8,0.9350343473994112,0.8999823799561117,258,0.3933333333333333,78
Hefei,2,B2_loco_gated,9755,42,0.9336604514229637,0.8978308053313487,264,0.41333333333333333,76
Hefei,2,B3_loco_ungated,9755,94,0.930323846908734,0.8925509432895199,281,0.4066666666666667,77
Hefei,2,B4_random_flip,9755,42,0.9338567222767419,0.8982209931920101,266,0.38666666666666666,79
Hefei,3,B0_baseline,9599,0,0.9325842696629213,0.8975914695974003,289,0.4266666666666667,74
Hefei,3,B1_local_oracle,9599,10,0.9323938297467149,0.897327583120592,291,0.44,73
Hefei,3,B2_loco_gated,9599,41,0.9323938297467149,0.8974230083080482,289,0.4533333333333333,71
Hefei,3,B3_loco_ungated,9599,85,0.9297276709198248,0.8934454879698958,303,0.44666666666666666,70
Hefei,3,B4_random_flip,9599,41,0.9341077889925729,0.8999021359895987,285,0.4266666666666667,75
Hefei,4,B0_baseline,10383,0,0.9404522050593239,0.9068565466085303,219,0.4066666666666667,79
Hefei,4,B1_local_oracle,10383,11,0.9393328856055518,0.9050861100121323,224,0.4266666666666667,75
Hefei,4,B2_loco_gated,10383,50,0.9368703828072532,0.9013891305833475,235,0.4266666666666667,75
Hefei,4,B3_loco_ungated,10383,103,0.9370942466980076,0.9018824608118676,235,0.44,72
Hefei,4,B4_random_flip,10383,50,0.9377658383702708,0.9026312762523689,232,0.41333333333333333,77
Nanchang,0,B0_baseline,10329,0,0.9017916390179164,0.8523192726011053,204,0.29333333333333333,81
Nanchang,0,B1_local_oracle,10329,43,0.9044459190444591,0.8561764947593619,198,0.31333333333333335,77
Nanchang,0,B2_loco_gated,10329,22,0.9046671090466711,0.8565717459255406,194,0.30666666666666664,79
Nanchang,0,B3_loco_ungated,10329,45,0.9028975890289759,0.8538852086306656,197,0.2866666666666667,81
Nanchang,0,B4_random_flip,10329,22,0.9028975890289759,0.8539572661874315,201,0.2866666666666667,83
Nanchang,1,B0_baseline,9813,0,0.9009330950962875,0.8504268654561666,206,0.3,80
Nanchang,1,B1_local_oracle,9813,41,0.9029184038117928,0.8533115848027726,199,0.32,77
Nanchang,1,B2_loco_gated,9813,22,0.9015286877109391,0.8512898637904694,203,0.31333333333333335,78
Nanchang,1,B3_loco_ungated,9813,50,0.9023228111971412,0.8524282662713325,198,0.31333333333333335,77
Nanchang,1,B4_random_flip,9813,22,0.9025213420686917,0.8528098096679035,199,0.3,80
Nanchang,2,B0_baseline,10072,0,0.885935537881959,0.8284863344838229,181,0.2733333333333333,84
Nanchang,2,B1_local_oracle,10072,42,0.8850983675177899,0.8271490541084621,183,0.32666666666666666,75
Nanchang,2,B2_loco_gated,10072,23,0.884470489744663,0.82623863449947,186,0.3,80
Nanchang,2,B3_loco_ungated,10072,48,0.8838426119715362,0.8252460160251286,187,0.31333333333333335,77
Nanchang,2,B4_random_flip,10072,23,0.8850983675177899,0.8272126781922241,183,0.26666666666666666,84
Nanchang,3,B0_baseline,10296,0,0.9110671936758893,0.8658660290811601,210,0.28,83
Nanchang,3,B1_local_oracle,10296,36,0.9112867808519982,0.866240444777552,204,0.32,77
Nanchang,3,B2_loco_gated,10296,20,0.9108476064997804,0.8655629530074854,205,0.30666666666666664,80
Nanchang,3,B3_loco_ungated,10296,38,0.9104084321475626,0.8649040609954204,208,0.32,78
Nanchang,3,B4_random_flip,10296,20,0.9106280193236715,0.8652090208560882,208,0.2866666666666667,82
Nanchang,4,B0_baseline,10321,0,0.9183042614263635,0.8773323779919325,240,0.25333333333333335,87
Nanchang,4,B1_local_oracle,10321,39,0.9183042614263635,0.877329019538428,244,0.3,79
Nanchang,4,B2_loco_gated,10321,18,0.9207330536542283,0.8809905698528806,235,0.2733333333333333,84
Nanchang,4,B3_loco_ungated,10321,45,0.9198498564804592,0.8796586049748052,237,0.3,79
Nanchang,4,B4_random_flip,10321,18,0.9158754691984986,0.8736876848880153,251,0.2733333333333333,84
Nanjing,0,B0_baseline,10175,0,0.9099465240641711,0.8607659554359092,336,0.4666666666666667,65
Nanjing,0,B1_local_oracle,10175,127,0.9022459893048128,0.8488760462087497,375,0.5933333333333334,47
Nanjing,0,B2_loco_gated,10175,6,0.9095187165775401,0.8600932478211435,336,0.4666666666666667,66
Nanjing,0,B3_loco_ungated,10175,24,0.9080213903743316,0.8577927855721064,344,0.52,59
Nanjing,0,B4_random_flip,10175,6,0.9086631016042781,0.8587650066491826,340,0.4866666666666667,63
Nanjing,1,B0_baseline,9725,0,0.9198048780487805,0.8794920826205314,311,0.4666666666666667,65
Nanjing,1,B1_local_oracle,9725,120,0.9139512195121952,0.8704752219049359,340,0.58,49
Nanjing,1,B2_loco_gated,9725,12,0.9198048780487805,0.8795094677486079,312,0.48,63
Nanjing,1,B3_loco_ungated,9725,28,0.9184390243902439,0.8773972282874197,313,0.47333333333333333,64
Nanjing,1,B4_random_flip,9725,12,0.9223414634146342,0.8833079210909255,301,0.47333333333333333,64
Nanjing,2,B0_baseline,10174,0,0.9230111206159111,0.8845334688728884,274,0.49333333333333335,60
Nanjing,2,B1_local_oracle,10174,126,0.9200171086398631,0.8799727196999964,288,0.6,46
Nanjing,2,B2_loco_gated,10174,10,0.9236526946107785,0.8854929644996582,270,0.4866666666666667,61
Nanjing,2,B3_loco_ungated,10174,29,0.9247219846022241,0.8870874257617619,270,0.5133333333333333,59
Nanjing,2,B4_random_flip,10174,10,0.9223695466210436,0.8835746098668986,279,0.5,61
Nanjing,3,B0_baseline,9666,0,0.9106867283950617,0.865359547078822,351,0.47333333333333333,63
Nanjing,3,B1_local_oracle,9666,107,0.9072145061728395,0.8602869774280485,366,0.56,50
Nanjing,3,B2_loco_gated,9666,9,0.9108796296296297,0.865660249342719,350,0.4666666666666667,64
Nanjing,3,B3_loco_ungated,9666,26,0.9116512345679012,0.8668555374236638,348,0.49333333333333335,60
Nanjing,3,B4_random_flip,9666,9,0.9099151234567902,0.8642051448428982,352,0.46,65
Nanjing,4,B0_baseline,10186,0,0.9093053173241853,0.8619810109088248,337,0.48,63
Nanjing,4,B1_local_oracle,10186,129,0.9048027444253859,0.8551120060619078,364,0.5666666666666667,51
Nanjing,4,B2_loco_gated,10186,9,0.9118782161234992,0.8658971562267237,330,0.4666666666666667,66
Nanjing,4,B3_loco_ungated,10186,25,0.9129502572898799,0.867577704697185,330,0.5333333333333333,56
Nanjing,4,B4_random_flip,10186,9,0.9105917667238422,0.8639538790381706,334,0.47333333333333333,65
Changsha,0,B0_baseline,10349,0,0.9333481448566985,0.899905813765067,234,0.37333333333333335,72
Changsha,0,B1_local_oracle,10349,36,0.9317929349033548,0.8975457823746421,238,0.4,69
Changsha,0,B2_loco_gated,10349,39,0.9326816263052655,0.8988719029124946,240,0.38666666666666666,69
Changsha,0,B3_loco_ungated,10349,95,0.9306820706509664,0.8958090565736482,248,0.4533333333333333,58
Changsha,0,B4_random_flip,10349,39,0.9326816263052655,0.8989139237425159,237,0.36666666666666664,71
Changsha,1,B0_baseline,10044,0,0.9421556387848523,0.9125772949794898,235,0.36,71
Changsha,1,B1_local_oracle,10044,30,0.9425717852684145,0.9132442576617869,231,0.37333333333333335,70
Changsha,1,B2_loco_gated,10044,31,0.9440282979608823,0.9154313152459831,225,0.36666666666666664,71
Changsha,1,B3_loco_ungated,10044,81,0.941531419059509,0.9116792733466865,238,0.43333333333333335,61
Changsha,1,B4_random_flip,10044,31,0.9431960049937578,0.9141497918421763,232,0.36,71
Changsha,2,B0_baseline,9680,0,0.9334622823984526,0.8972807182910646,217,0.3466666666666667,69
Changsha,2,B1_local_oracle,9680,36,0.9326885880077369,0.8961027741499433,218,0.38,66
Changsha,2,B2_loco_gated,9680,39,0.9323017408123792,0.8955222191531012,223,0.36,67
Changsha,2,B3_loco_ungated,9680,90,0.9297872340425531,0.8917624556428562,235,0.47333333333333333,51
Changsha,2,B4_random_flip,9680,39,0.9334622823984526,0.8972525181937593,217,0.35333333333333333,69
Changsha,3,B0_baseline,9729,0,0.9355594610427651,0.9005011241777976,277,0.3333333333333333,77
Changsha,3,B1_local_oracle,9729,28,0.935950009763718,0.900997488228743,277,0.38,72
Changsha,3,B2_loco_gated,9729,33,0.9349736379613357,0.899430888425859,280,0.36666666666666664,72
Changsha,3,B3_loco_ungated,9729,84,0.9351689123218121,0.8996163725901067,278,0.44,61
Changsha,3,B4_random_flip,9729,33,0.9345830892403827,0.8990054996873973,281,0.3466666666666667,76
Changsha,4,B0_baseline,10324,0,0.9383561643835616,0.9074901699230414,225,0.36666666666666664,71
Changsha,4,B1_local_oracle,10324,30,0.9387980556783031,0.9081500929267259,222,0.37333333333333335,72
Changsha,4,B2_loco_gated,10324,34,0.9381352187361909,0.9071547844210406,224,0.36666666666666664,72
Changsha,4,B3_loco_ungated,10324,86,0.9372514361467079,0.905818626133539,228,0.44,62
Changsha,4,B4_random_flip,10324,34,0.9376933274414494,0.9064968105830972,229,0.35333333333333333,74
Hangzhou,0,B0_baseline,9793,0,0.9632192999802255,0.9437572000018656,134,0.29333333333333333,64
Hangzhou,0,B1_local_oracle,9793,92,0.9604508601937908,0.9394912140812093,147,0.36666666666666664,53
Hangzhou,0,B2_loco_gated,9793,13,0.9634170456792565,0.9440501731281272,133,0.32,60
Hangzhou,0,B3_loco_ungated,9793,16,0.9632192999802255,0.9437499080540799,133,0.32666666666666666,59
Hangzhou,0,B4_random_flip,9793,13,0.9628238085821633,0.943156816505256,134,0.29333333333333333,64
Hangzhou,1,B0_baseline,9657,0,0.9535913730021183,0.9274353086553325,183,0.30666666666666664,64
Hangzhou,1,B1_local_oracle,9657,98,0.9516657038320816,0.9243494771702159,193,0.38666666666666666,54
Hangzhou,1,B2_loco_gated,9657,10,0.9547467745041401,0.9292341189714353,179,0.31333333333333335,63
Hangzhou,1,B3_loco_ungated,9657,10,0.9547467745041401,0.9292341189714353,179,0.31333333333333335,63
Hangzhou,1,B4_random_flip,9657,10,0.9533988060851146,0.9271127458997853,183,0.29333333333333333,66
Hangzhou,2,B0_baseline,10192,0,0.9770287677114642,0.9629021208358057,74,0.30666666666666664,66
Hangzhou,2,B1_local_oracle,10192,103,0.9744525547445255,0.9586912653096266,85,0.38666666666666666,54
Hangzhou,2,B2_loco_gated,10192,14,0.9761700300558179,0.961503045912769,77,0.3333333333333333,62
Hangzhou,2,B3_loco_ungated,10192,20,0.9759553456419064,0.961144625401004,79,0.3466666666666667,60
Hangzhou,2,B4_random_flip,10192,14,0.9772434521253757,0.9632418586063609,73,0.31333333333333335,67
Hangzhou,3,B0_baseline,10310,0,0.9469162995594713,0.9156835696395811,156,0.3,64
Hangzhou,3,B1_local_oracle,10310,111,0.9433920704845815,0.9105291263818457,173,0.4,50
Hangzhou,3,B2_loco_gated,10310,13,0.9475770925110132,0.9167943733246081,153,0.31333333333333335,62
Hangzhou,3,B3_loco_ungated,10310,16,0.9455947136563877,0.9136403941592326,161,0.31333333333333335,60
Hangzhou,3,B4_random_flip,10310,13,0.947136563876652,0.9160044772943821,154,0.3,65
Hangzhou,4,B0_baseline,9502,0,0.9727000747943156,0.9582480353570494,94,0.28,66
Hangzhou,4,B1_local_oracle,9502,104,0.9700822737471952,0.9541651155005022,109,0.35333333333333333,55
Hangzhou,4,B2_loco_gated,9502,13,0.9721391174270756,0.9573779432198712,98,0.29333333333333333,63
Hangzhou,4,B3_loco_ungated,9502,19,0.9719521316379955,0.9570918891475214,99,0.30666666666666664,62
Hangzhou,4,B4_random_flip,9502,13,0.9715781600598354,0.956517771529372,97,0.28,67
