PointID,Original_ID,lon,lat,Class,margin,BoundaryScore,RF_Pred,prob_1,prob_2,prob_3,Method,Rule,Human_Class,Scene,Confidence,Notes
1,9811,120.1305947535019,30.410957706974557,2,0.3866666666666666,2735.648008814047,2,0.2966666666666667,0.6833333333333333,0.02,BAMS150,two_stage,1,建筑,h,WC_Class=2
2,8848,120.17137769173674,30.177666458060376,2,0.1999999999999999,2289.88022134892,2,0.4,0.6,0.0,BAMS150,two_stage,1,建筑,h,WC_Class=2
3,8387,119.86379336017104,30.08082816048269,2,0.34,2257.1893499563485,2,0.33,0.67,0.0,BAMS150,two_stage,2,mix,l,WC_Class=2
4,10287,118.74090253289232,29.440327344266777,3,0.3966666666666666,2233.3311256446773,3,0.3,0.0033333333333333,0.6966666666666667,BAMS150,two_stage,3,水体,l,WC_Class=3
7,12575,119.10975045383124,29.597082582699613,3,0.36,2032.204117718375,3,0.31,0.02,0.67,BAMS150,two_stage,3,水体,h,WC_Class=3
9,12610,119.11055755112194,29.599686697714823,3,0.3933333333333333,2003.3848679417576,3,0.2766666666666666,0.0533333333333333,0.67,BAMS150,two_stage,3,水体,h,WC_Class=3
10,5155,119.19230625073476,29.31501322736178,2,0.3999999999999999,1926.9009513973535,2,0.3,0.7,0.0,BAMS150,two_stage,2,荒地,h,WC_Class=2
12,6042,119.44284530252364,29.554591808761327,2,0.3333333333333333,1790.2599846992823,2,0.3333333333333333,0.6666666666666666,0.0,BAMS150,two_stage,1,建筑,h,WC_Class=2
15,9118,119.9571312634218,30.230845697223767,2,0.2199999999999999,1719.3253812340286,2,0.39,0.61,0.0,BAMS150,two_stage,2,土路,m,WC_Class=2
17,9877,120.291211573447,30.436740229265578,2,0.36,1700.9190427999754,2,0.32,0.68,0.0,BAMS150,two_stage,2,veg,m,WC_Class=2
19,10510,119.23281718380532,29.476258780555444,3,0.3133333333333333,1633.2019728204027,3,0.31,0.0666666666666666,0.6233333333333333,BAMS150,two_stage,3,水体,h,WC_Class=3
22,12546,118.99161994872335,29.593488547250537,3,0.1666666666666666,1608.3789206427557,3,0.4166666666666667,0.0,0.5833333333333334,BAMS150,two_stage,3,水体,m,WC_Class=3
26,9607,120.10068310363536,30.34933293041593,2,0.2766666666666666,1519.8452796806932,2,0.34,0.6166666666666667,0.0433333333333333,BAMS150,two_stage,1,建筑,h,WC_Class=2
27,8717,119.7630934810811,30.14927536165309,2,0.32,1510.7680418712696,2,0.34,0.66,0.0,BAMS150,two_stage,2,veg,m,WC_Class=2
30,10523,118.68305015582494,29.477516247052517,3,0.2733333333333333,1480.413245234156,3,0.36,0.0066666666666666,0.6333333333333333,BAMS150,two_stage,2,水体边缘,m,WC_Class=3
31,12515,119.18502899781552,29.589176596531864,3,0.2866666666666667,1480.0339320323728,3,0.3533333333333333,0.0066666666666666,0.64,BAMS150,two_stage,3,水体,l,WC_Class=3
35,8057,120.20533374625867,30.006802623894437,2,0.2366666666666667,1436.4592948326226,2,0.37,0.6066666666666667,0.0233333333333333,BAMS150,two_stage,3,水体,h,WC_Class=2
36,13727,119.54156979984695,29.90502364234953,3,0.3299999999999999,1432.774686241596,3,0.3266666666666666,0.0166666666666666,0.6566666666666666,BAMS150,two_stage,3,水体,h,WC_Class=3
38,6443,119.33918012123314,29.658885723300372,2,0.3233333333333333,1432.0075013064325,2,0.3366666666666666,0.66,0.0033333333333333,BAMS150,two_stage,1,路面,m,WC_Class=2
42,11962,118.96718853405152,29.54902239154558,3,0.38,1392.4771058743104,3,0.29,0.04,0.67,BAMS150,two_stage,3,水体,h,WC_Class=3
45,10074,119.22590111807142,29.379692488142023,3,0.3266666666666666,1378.7018404861128,3,0.02,0.3266666666666666,0.6533333333333333,BAMS150,two_stage,3,水体,l,WC_Class=3
47,9536,120.25330475539164,30.33172394035587,2,0.3666666666666666,1346.9248444719583,2,0.31,0.6766666666666666,0.0133333333333333,BAMS150,two_stage,1,高铁站,h,WC_Class=2
57,13199,118.78105673787856,29.676945082566828,3,0.3299999999999999,1286.498462678281,3,0.3166666666666666,0.0366666666666666,0.6466666666666666,BAMS150,two_stage,3,水体边缘,m,WC_Class=3
60,12060,119.17972712666298,29.55423508067704,3,0.3133333333333333,1271.6995463872229,3,0.3366666666666666,0.0133333333333333,0.65,BAMS150,two_stage,3,水体,m,WC_Class=3
61,7713,120.18781839732075,29.94131626582353,2,0.32,1265.730699410127,2,0.34,0.66,0.0,BAMS150,two_stage,1,农村路面,m,WC_Class=2
63,9484,119.63382860064272,30.317802626867017,2,0.2733333333333334,1250.8842265556432,2,0.3633333333333333,0.6366666666666667,0.0,BAMS150,two_stage,2,veg,m,WC_Class=2
68,6591,119.84519890877816,29.69805446695385,2,0.2633333333333333,1239.1234517422704,2,0.3666666666666666,0.63,0.0033333333333333,BAMS150,two_stage,1,road,h,WC_Class=2
81,6929,119.70784967812992,29.776565859201863,2,0.1966666666666666,1172.359467490376,2,0.4,0.5966666666666667,0.0033333333333333,BAMS150,two_stage,2,veg,h,WC_Class=2
86,14733,120.16913476390684,30.308099622974716,3,0.2066666666666667,1155.1747398477662,3,0.3966666666666666,0.0,0.6033333333333334,BAMS150,two_stage,3,水体,h,WC_Class=3
89,719,119.55082243453283,29.8532846928264,1,0.2466666666666666,1144.7168173515352,1,0.6233333333333333,0.3766666666666666,0.0,BAMS150,two_stage,2,土地,h,WC_Class=1
91,6251,119.1327460379639,29.60984007081352,2,0.2966666666666667,1141.0190202475,2,0.3333333333333333,0.63,0.0366666666666666,BAMS150,two_stage,3,水体,h,WC_Class=2
99,4,119.07372537642044,29.249883597375153,1,0.3466666666666667,1120.384845555138,1,0.6733333333333333,0.3266666666666666,0.0,BAMS150,two_stage,2,veg,h,WC_Class=1
104,7863,120.0057310058033,29.970514459521485,2,0.2533333333333333,1107.9829022709014,2,0.3733333333333333,0.6266666666666667,0.0,BAMS150,two_stage,1,建筑,h,WC_Class=2
106,13655,119.59699642594128,29.865859357797117,3,0.3,1106.6961752205318,3,0.35,0.0,0.65,BAMS150,two_stage,2,水体边缘,l,WC_Class=3
109,9189,119.86783776482656,30.24809350009849,2,0.32,1103.532665007198,2,0.34,0.66,0.0,BAMS150,two_stage,2,veg,h,WC_Class=2
115,9787,120.0961883297735,30.402333805537193,2,0.2533333333333333,1086.6635252977762,2,0.3733333333333333,0.6266666666666667,0.0,BAMS150,two_stage,2,田地,h,WC_Class=2
118,6000,119.19158387636408,29.544621258805822,2,0.3233333333333333,1078.9673940187151,2,0.01,0.6566666666666666,0.3333333333333333,BAMS150,two_stage,2,veg,m,WC_Class=2
119,498,119.12529042100252,29.700119030741583,1,0.36,1078.4995053028204,1,0.68,0.32,0.0,BAMS150,two_stage,2,veg,h,WC_Class=1
121,9058,120.28537461016803,30.219256493585867,2,0.24,1071.5674466733144,2,0.38,0.62,0.0,BAMS150,two_stage,1,road,h,WC_Class=2
123,9405,120.16437244398172,30.300733188034428,2,0.3,1061.2576878044958,2,0.35,0.65,0.0,BAMS150,two_stage,2,土路,l,WC_Class=2
128,7896,119.70955305473238,29.97797007648285,2,0.3133333333333333,1057.196624063985,2,0.3333333333333333,0.6466666666666666,0.02,BAMS150,two_stage,2,废土,l,WC_Class=2
129,8998,120.22985880205265,30.20452362370528,2,0.2499999999999999,1053.6007309727356,2,0.3733333333333333,0.6233333333333333,0.0033333333333333,BAMS150,two_stage,2,veg,m,WC_Class=2
131,9378,120.4617142204276,30.29381712230053,2,0.3066666666666666,1049.5433548429878,2,0.3466666666666667,0.6533333333333333,0.0,BAMS150,two_stage,1,car park,h,WC_Class=2
134,13813,119.86433291139852,29.95236591823397,3,0.3233333333333333,1046.7255357147578,3,0.3266666666666666,0.0233333333333333,0.65,BAMS150,two_stage,3,水体,h,WC_Class=3
138,8368,119.4365579700383,30.07579383539335,2,0.3066666666666666,1038.6935784199998,2,0.34,0.6466666666666666,0.0133333333333333,BAMS150,two_stage,2,veg,h,WC_Class=2
144,7400,119.8138469692714,29.871968326240335,2,0.3266666666666666,1026.7252154184955,2,0.3366666666666666,0.6633333333333333,0.0,BAMS150,two_stage,1,路面,h,WC_Class=2
