City,Seed,Model,OA,BE,Rec_C1,Rec_C2,Rec_C3,Prec_C1,Prec_C2,Prec_C3,n_err,err_C12_share,err_water_share,mean_margin_all,mean_margin_err,mean_margin_ok,low_margin_frac,low_margin_among_err,ndvi_c12_err,ndvi_c1_true,ndvi_c2_true,ndbi_c1_true,ndbi_c2_true
Wuhan,0,RF,0.9122222222222223,292,0.93,0.8386666666666667,0.968,0.8669981354878806,0.9089595375722543,0.9635036496350365,395,0.739240506329114,0.2607594936708861,0.8007592592592593,0.4577890295358649,0.8337612667478684,0.034666666666666665,0.17215189873417722,0.30085348131849315,0.22841904444175998,0.4380000446794667,0.01225209878928,-0.062304322688278006
Wuhan,1,RF,0.9095555555555556,299,0.9286666666666666,0.834,0.966,0.8641439205955335,0.9052098408104197,0.9621513944223108,407,0.7346437346437347,0.26535626535626533,0.7999185185185185,0.4421539721539721,0.8354939327306783,0.03711111111111111,0.1891891891891892,0.30123911910033446,0.22841904444175998,0.4380000446794667,0.01225209878928,-0.062304322688278006
Wuhan,2,RF,0.9091111111111111,300,0.926,0.8353333333333334,0.966,0.8659600997506235,0.9020878329733621,0.9615129396151294,409,0.7334963325183375,0.2665036674816626,0.8016777777777778,0.44777506112469434,0.8370593986800293,0.035333333333333335,0.18581907090464547,0.30240196810333336,0.22841904444175998,0.4380000446794667,0.01225209878928,-0.062304322688278006
Wuhan,3,RF,0.9095555555555556,298,0.9266666666666666,0.8366666666666667,0.9653333333333334,0.8665835411471322,0.9022286125089863,0.9621262458471761,407,0.7321867321867321,0.2678132678132678,0.80032,0.4453562653562653,0.835616906914244,0.036,0.1941031941031941,0.2991245217818792,0.22841904444175998,0.4380000446794667,0.01225209878928,-0.062304322688278006
Wuhan,4,RF,0.9097777777777778,295,0.9293333333333333,0.8346666666666667,0.9653333333333334,0.8663766314481044,0.9046242774566474,0.9608493696084937,406,0.7266009852216748,0.2733990147783251,0.8001844444444445,0.44500821018062403,0.8354070998208761,0.033555555555555554,0.1748768472906404,0.29955459271525425,0.22841904444175998,0.4380000446794667,0.01225209878928,-0.062304322688278006
Wuhan,0,MLP,0.9282222222222222,221,0.9493333333333334,0.8706666666666667,0.9646666666666667,0.898989898989899,0.9197183098591549,0.9672459893048129,323,0.6842105263157895,0.3157894736842105,0.8910635709762573,0.5780194401741028,0.9152706861495972,0.017777777777777778,0.11764705882352941,0.29916885079276023,0.22841904444175998,0.4380000446794667,0.01225209878928,-0.062304322688278006
Wuhan,1,MLP,0.9291111111111111,218,0.946,0.864,0.9773333333333334,0.9003807106598984,0.9317038102084831,0.9562948467058056,319,0.6833855799373041,0.3166144200626959,0.912887454032898,0.623805820941925,0.934943675994873,0.013555555555555555,0.11598746081504702,0.30127333788990823,0.22841904444175998,0.4380000446794667,0.01225209878928,-0.062304322688278006
Wuhan,2,MLP,0.9264444444444444,229,0.956,0.85,0.9733333333333334,0.8884758364312267,0.9347507331378299,0.9592641261498029,331,0.6918429003021148,0.3081570996978852,0.9084683060646057,0.6177339553833008,0.9315513968467712,0.01711111111111111,0.12084592145015106,0.3120792160393013,0.22841904444175998,0.4380000446794667,0.01225209878928,-0.062304322688278006
Wuhan,3,MLP,0.9262222222222222,217,0.9513333333333334,0.8826666666666667,0.9446666666666667,0.9008838383838383,0.9025221540558964,0.9779158040027606,332,0.6536144578313253,0.3463855421686747,0.886894166469574,0.5694169402122498,0.912182629108429,0.02288888888888889,0.14759036144578314,0.30214420510783413,0.22841904444175998,0.4380000446794667,0.01225209878928,-0.062304322688278006
Wuhan,4,MLP,0.9322222222222222,208,0.958,0.8646666666666667,0.974,0.8975640224859462,0.9398550724637681,0.9618169848584596,305,0.6819672131147541,0.3180327868852459,0.9093433022499084,0.6274158954620361,0.9298410415649414,0.015111111111111112,0.09836065573770492,0.3046784631298077,0.22841904444175998,0.4380000446794667,0.01225209878928,-0.062304322688278006
Changsha,0,RF,0.9286666666666666,239,0.9453333333333334,0.8726666666666667,0.968,0.8791072535647861,0.9343326195574589,0.9771197846567967,321,0.7445482866043613,0.2554517133956386,0.8377407407407407,0.41165109034267916,0.8704698093642815,0.03111111111111111,0.22429906542056074,0.39561158914644357,0.28474792822635997,0.619532370906,0.00577925590168,-0.14994944949963335
Changsha,1,RF,0.93,232,0.9473333333333334,0.8753333333333333,0.9673333333333334,0.8804213135068154,0.9371877230549608,0.9771043771043771,315,0.7365079365079366,0.2634920634920635,0.8370807407407407,0.41700529100529105,0.8686993229788929,0.030666666666666665,0.19047619047619047,0.39347505416379314,0.28474792822635997,0.619532370906,0.00577925590168,-0.14994944949963335
Changsha,2,RF,0.9297777777777778,232,0.9466666666666667,0.876,0.9666666666666667,0.8825357364822871,0.9339019189765458,0.977088948787062,316,0.7341772151898734,0.26582278481012656,0.8381866666666667,0.41689873417721524,0.8700047801147227,0.03088888888888889,0.2088607594936709,0.39176213931034487,0.28474792822635997,0.619532370906,0.00577925590168,-0.14994944949963335
Changsha,3,RF,0.9302222222222222,229,0.946,0.8786666666666667,0.966,0.8846633416458853,0.9327671620665251,0.9770734996628456,314,0.7292993630573248,0.27070063694267515,0.8376762962962963,0.4147770700636943,0.8693987896161809,0.03333333333333333,0.23248407643312102,0.39456962122270745,0.28474792822635997,0.619532370906,0.00577925590168,-0.14994944949963335
Changsha,4,RF,0.9288888888888889,239,0.9466666666666667,0.872,0.968,0.8787128712871287,0.9349535382416011,0.9777777777777777,320,0.746875,0.253125,0.83918,0.4172395833333334,0.871481658692185,0.030222222222222223,0.225,0.3937351406108787,0.28474792822635997,0.619532370906,0.00577925590168,-0.14994944949963335
Changsha,0,MLP,0.9448888888888889,172,0.954,0.91,0.9706666666666667,0.9220360824742269,0.934931506849315,0.978494623655914,248,0.6935483870967742,0.3064516129032258,0.9283993244171143,0.6156585216522217,0.946640133857727,0.011777777777777778,0.0967741935483871,0.3998702692500001,0.28474792822635997,0.619532370906,0.00577925590168,-0.14994944949963335
Changsha,1,MLP,0.946,179,0.9506666666666667,0.9066666666666666,0.9806666666666667,0.9194068343004513,0.9424809424809425,0.9767596281540505,243,0.7366255144032922,0.26337448559670784,0.9205569624900818,0.5815135836601257,0.9399104118347168,0.014,0.13991769547325103,0.4015340659273743,0.28474792822635997,0.619532370906,0.00577925590168,-0.14994944949963335
Changsha,2,MLP,0.9451111111111111,178,0.966,0.8946666666666667,0.9746666666666667,0.9073262366938009,0.9517730496453901,0.9792364367046216,247,0.7206477732793523,0.2793522267206478,0.9330865740776062,0.6131618618965149,0.9516667127609253,0.013333333333333334,0.11336032388663968,0.39822182346067414,0.28474792822635997,0.619532370906,0.00577925590168,-0.14994944949963335
Changsha,3,MLP,0.9464444444444444,171,0.9586666666666667,0.9006666666666666,0.98,0.9182630906768838,0.9487359550561798,0.9735099337748344,241,0.7095435684647303,0.29045643153526973,0.9295043349266052,0.599301815032959,0.9481891989707947,0.010666666666666666,0.11618257261410789,0.40043989778362576,0.28474792822635997,0.619532370906,0.00577925590168,-0.14994944949963335
Changsha,4,MLP,0.944,184,0.9346666666666666,0.9213333333333333,0.976,0.9321808510638298,0.9213333333333333,0.9786096256684492,252,0.7301587301587301,0.2698412698412698,0.9168713092803955,0.5641021728515625,0.9377983808517456,0.014666666666666666,0.12301587301587301,0.4033826225271739,0.28474792822635997,0.619532370906,0.00577925590168,-0.14994944949963335
Nanchang,0,RF,0.9126666666666666,207,0.948,0.8346666666666667,0.9553333333333334,0.89490245437382,0.9212656364974245,0.9233247422680413,393,0.5267175572519084,0.4732824427480916,0.7978029629629629,0.4356149279050042,0.8324608392175961,0.03777777777777778,0.2035623409669211,0.31948606963285026,0.23486099950426667,0.4439083657888,0.02895958376710867,-0.08178806294822667
Nanchang,1,RF,0.9137777777777778,205,0.952,0.8313333333333334,0.958,0.8947368421052632,0.9257609502598366,0.9229287090558767,388,0.5283505154639175,0.47164948453608246,0.7979866666666667,0.44355670103092776,0.8314299610894942,0.03666666666666667,0.19072164948453607,0.316719472702439,0.23486099950426667,0.4439083657888,0.02895958376710867,-0.08178806294822667
Nanchang,2,RF,0.9117777777777778,208,0.948,0.832,0.9553333333333334,0.8943396226415095,0.9210332103321033,0.9215434083601286,397,0.5239294710327456,0.4760705289672544,0.7980022222222223,0.42601175482787573,0.8339954504833861,0.03888888888888889,0.22418136020151133,0.3186310084326923,0.23486099950426667,0.4439083657888,0.02895958376710867,-0.08178806294822667
Nanchang,3,RF,0.9131111111111111,202,0.948,0.838,0.9533333333333334,0.8982943777637398,0.918859649122807,0.9231762427372499,391,0.5166240409207161,0.4833759590792839,0.7974785185185185,0.43526854219948846,0.8319453232741137,0.03755555555555556,0.2020460358056266,0.3142058786831683,0.23486099950426667,0.4439083657888,0.02895958376710867,-0.08178806294822667
Nanchang,4,RF,0.9111111111111111,208,0.948,0.8313333333333334,0.954,0.8932160804020101,0.9209748892171344,0.9208494208494209,400,0.52,0.48,0.7987274074074074,0.42570833333333336,0.8351195121951219,0.03888888888888889,0.2225,0.31859777742307693,0.23486099950426667,0.4439083657888,0.02895958376710867,-0.08178806294822667
Nanchang,0,MLP,0.928,158,0.9593333333333334,0.8406666666666667,0.984,0.932598833441348,0.941747572815534,0.9122373300370828,324,0.4876543209876543,0.5123456790123457,0.903632402420044,0.6137929558753967,0.9261199235916138,0.01622222222222222,0.09876543209876543,0.3103887423164557,0.23486099950426667,0.4439083657888,0.02895958376710867,-0.08178806294822667
Nanchang,1,MLP,0.9284444444444444,159,0.9653333333333334,0.8333333333333334,0.9866666666666667,0.9276105060858424,0.9498480243161094,0.9118915588416513,322,0.4937888198757764,0.5062111801242236,0.8964511752128601,0.5871877074241638,0.9202861785888672,0.016666666666666666,0.13043478260869565,0.3128174833710691,0.23486099950426667,0.4439083657888,0.02895958376710867,-0.08178806294822667
Nanchang,2,MLP,0.9295555555555556,148,0.962,0.858,0.9686666666666667,0.9376218323586745,0.9285714285714286,0.9225396825396825,317,0.4668769716088328,0.5331230283911672,0.8794123530387878,0.5382864475250244,0.9052638411521912,0.024666666666666667,0.15141955835962145,0.31124069134459464,0.23486099950426667,0.4439083657888,0.02895958376710867,-0.08178806294822667
Nanchang,3,MLP,0.9304444444444444,161,0.9526666666666667,0.8606666666666667,0.978,0.9370491803278689,0.9294456443484521,0.924968474148802,313,0.5143769968051118,0.48562300319488816,0.8954966068267822,0.6050992608070374,0.9172053933143616,0.017333333333333333,0.11182108626198083,0.3121375515341615,0.23486099950426667,0.4439083657888,0.02895958376710867,-0.08178806294822667
Nanchang,4,MLP,0.9286666666666666,159,0.9693333333333334,0.8413333333333334,0.9753333333333334,0.9231746031746032,0.943904263275991,0.9212846347607053,321,0.4953271028037383,0.5046728971962616,0.8993781208992004,0.6077000498771667,0.9217826724052429,0.018222222222222223,0.13707165109034267,0.3089547194402516,0.23486099950426667,0.4439083657888,0.02895958376710867,-0.08178806294822667
Hefei,0,RF,0.9322222222222222,243,0.944,0.8686666666666667,0.984,0.89281210592686,0.9307142857142857,0.9749009247027741,305,0.7967213114754098,0.20327868852459016,0.815034074074074,0.38911475409836066,0.8460007945967422,0.03755555555555556,0.26229508196721313,0.3096447931440329,0.24051294368206666,0.4179869452080667,-0.005315046050772666,-0.057874542698166664
Hefei,1,RF,0.9331111111111111,240,0.942,0.874,0.9833333333333333,0.8965736040609137,0.9278131634819533,0.9761747187293184,301,0.7973421926910299,0.2026578073089701,0.8144962962962964,0.39244739756367664,0.8447503373819163,0.037333333333333336,0.26245847176079734,0.30674463009999997,0.24051294368206666,0.4179869452080667,-0.005315046050772666,-0.057874542698166664
Hefei,2,RF,0.9328888888888889,236,0.9446666666666667,0.872,0.982,0.8951358180669615,0.9309608540925267,0.9742063492063492,302,0.7814569536423841,0.2185430463576159,0.8147785185185185,0.3883222958057395,0.8454573606479275,0.03977777777777778,0.2980132450331126,0.3072677210338983,0.24051294368206666,0.4179869452080667,-0.005315046050772666,-0.057874542698166664
Hefei,3,RF,0.932,240,0.942,0.8733333333333333,0.9806666666666667,0.896005072923272,0.9257950530035336,0.9754641909814323,306,0.7843137254901961,0.21568627450980393,0.8149111111111111,0.3831263616557734,0.8464147194404705,0.03933333333333333,0.28431372549019607,0.3094800358916666,0.24051294368206666,0.4179869452080667,-0.005315046050772666,-0.057874542698166664
Hefei,4,RF,0.9322222222222222,239,0.944,0.8726666666666667,0.98,0.8956356736242884,0.9263977353149327,0.9760956175298805,305,0.7836065573770492,0.21639344262295082,0.8145414814814814,0.3868524590163935,0.845636869288836,0.03755555555555556,0.2754098360655738,0.30696688591631804,0.24051294368206666,0.4179869452080667,-0.005315046050772666,-0.057874542698166664
Hefei,0,MLP,0.9417777777777778,199,0.928,0.916,0.9813333333333333,0.9354838709677419,0.9129568106312292,0.9767750497677505,262,0.7595419847328244,0.24045801526717558,0.9196226000785828,0.5994676351547241,0.9394151568412781,0.012,0.12595419847328243,0.30792202141206026,0.24051294368206666,0.4179869452080667,-0.005315046050772666,-0.057874542698166664
Hefei,1,MLP,0.9417777777777778,193,0.9373333333333334,0.912,0.976,0.9305095962938451,0.9168900804289544,0.9779559118236473,262,0.7366412213740458,0.2633587786259542,0.9163749814033508,0.5775526165962219,0.937321662902832,0.014888888888888889,0.11450381679389313,0.3032046161606218,0.24051294368206666,0.4179869452080667,-0.005315046050772666,-0.057874542698166664
Hefei,2,MLP,0.9435555555555556,192,0.9386666666666666,0.9113333333333333,0.9806666666666667,0.9312169312169312,0.9211590296495957,0.9780585106382979,254,0.7559055118110236,0.2440944881889764,0.9189839363098145,0.5951695442199707,0.9383549094200134,0.014666666666666666,0.11811023622047244,0.30451622758333335,0.24051294368206666,0.4179869452080667,-0.005315046050772666,-0.057874542698166664
Hefei,3,MLP,0.9442222222222222,190,0.9473333333333334,0.9033333333333333,0.982,0.9233268356075374,0.9319119669876204,0.9774386197743862,251,0.7569721115537849,0.24302788844621515,0.9244205951690674,0.6131306290626526,0.9428093433380127,0.01577777777777778,0.11553784860557768,0.2991855384315789,0.24051294368206666,0.4179869452080667,-0.005315046050772666,-0.057874542698166664
Hefei,4,MLP,0.944,189,0.962,0.8886666666666667,0.9813333333333333,0.9127134724857685,0.9440509915014165,0.9767750497677505,252,0.75,0.25,0.9225918054580688,0.5938562154769897,0.9420930743217468,0.014222222222222223,0.1388888888888889,0.3085485198571428,0.24051294368206666,0.4179869452080667,-0.005315046050772666,-0.057874542698166664
Nanjing,0,RF,0.9055555555555556,298,0.9266666666666666,0.8173333333333334,0.9726666666666667,0.8703819661865999,0.9027982326951399,0.944336569579288,425,0.7011764705882353,0.2988235294117647,0.7820985185185185,0.45695686274509806,0.8160089979550103,0.044222222222222225,0.17411764705882352,0.3242650863825503,0.24940728788826663,0.45601784592104,-0.02003320625547333,-0.10943319947821666
Nanjing,1,RF,0.9022222222222223,308,0.924,0.812,0.9706666666666667,0.86625,0.8982300884955752,0.9430051813471503,440,0.7,0.3,0.7809244444444444,0.44277272727272726,0.8175714285714286,0.04622222222222222,0.19545454545454546,0.32688040227922077,0.24940728788826663,0.45601784592104,-0.02003320625547333,-0.10943319947821666
Nanjing,2,RF,0.9042222222222223,299,0.9253333333333333,0.8166666666666667,0.9706666666666667,0.8702194357366771,0.9000734753857458,0.9430051813471503,431,0.6937354988399071,0.3062645011600928,0.782588888888889,0.45527455529775723,0.8172589497829116,0.044222222222222225,0.17633410672853828,0.32415894268227424,0.24940728788826663,0.45601784592104,-0.02003320625547333,-0.10943319947821666
Nanjing,3,RF,0.9033333333333333,304,0.9273333333333333,0.812,0.9706666666666667,0.8666666666666667,0.900887573964497,0.9436163318211277,435,0.6988505747126437,0.30114942528735633,0.781788888888889,0.449455938697318,0.8173521935219352,0.04644444444444444,0.1839080459770115,0.3253058822763158,0.24940728788826663,0.45601784592104,-0.02003320625547333,-0.10943319947821666
Nanjing,4,RF,0.9004444444444445,312,0.922,0.8086666666666666,0.9706666666666667,0.8649155722326454,0.8965262379896526,0.9405684754521964,448,0.6964285714285714,0.30357142857142855,0.7821185185185185,0.4383184523809524,0.8201299769661072,0.04622222222222222,0.21651785714285715,0.3245228139166667,0.24940728788826663,0.45601784592104,-0.02003320625547333,-0.10943319947821666
Nanjing,0,MLP,0.9093333333333333,280,0.914,0.852,0.962,0.8960784313725491,0.8777472527472527,0.9531043593130779,408,0.6862745098039216,0.3137254901960784,0.8724018931388855,0.547899603843689,0.904757022857666,0.024888888888888887,0.12990196078431374,0.3378750333678571,0.24940728788826663,0.45601784592104,-0.02003320625547333,-0.10943319947821666
Nanjing,1,MLP,0.9091111111111111,284,0.936,0.824,0.9673333333333334,0.8785982478097623,0.8989090909090909,0.9502292075965947,409,0.6943765281173594,0.3056234718826406,0.8771816492080688,0.5650373101234436,0.9083884954452515,0.02311111111111111,0.11491442542787286,0.33242993282746475,0.24940728788826663,0.45601784592104,-0.02003320625547333,-0.10943319947821666
Nanjing,2,MLP,0.9104444444444444,282,0.9553333333333334,0.8086666666666666,0.9673333333333334,0.8658610271903323,0.9175491679273827,0.9527248850952068,403,0.6997518610421837,0.3002481389578164,0.8873195052146912,0.5871952176094055,0.9168412089347839,0.022222222222222223,0.12406947890818859,0.33495810298936163,0.24940728788826663,0.45601784592104,-0.02003320625547333,-0.10943319947821666
Nanjing,3,MLP,0.9106666666666666,278,0.9486666666666667,0.81,0.9733333333333334,0.8724708767627223,0.9169811320754717,0.9455958549222798,402,0.6915422885572139,0.30845771144278605,0.8831596970558167,0.5691244602203369,0.9139655232429504,0.022,0.11442786069651742,0.33600257885971224,0.24940728788826663,0.45601784592104,-0.02003320625547333,-0.10943319947821666
Nanjing,4,MLP,0.9077777777777778,291,0.9113333333333333,0.84,0.972,0.8911342894393742,0.8835904628330996,0.9467532467532468,415,0.7012048192771084,0.2987951807228916,0.8728734850883484,0.5493693351745605,0.9057386517524719,0.024444444444444446,0.13975903614457832,0.33355932578350517,0.24940728788826663,0.45601784592104,-0.02003320625547333,-0.10943319947821666
