system:index,BoundaryScore,C3_-1_-1,C3_-1_0,C3_-1_1,C3_0_-1,C3_0_0,C3_0_1,C3_1_-1,C3_1_0,C3_1_1,Class,Method,Original_ID,PointID,RF_Pred,WC_-1_-1,WC_-1_0,WC_-1_1,WC_0_-1,WC_0_0,WC_0_1,WC_1_-1,WC_1_0,WC_1_1,center_C3,center_WC,has_C1,has_C1_nb8,has_C3,lat,lon,margin,n_C1,n_C1_nb8,n_C2,n_C2_nb8,n_C3,n_C3_nb8,note,prob_1,prob_2,prob_3,suggest_C_if_uncertain,.geo
00000000000000000013,1579.3920439502112,1,2,3,1,2,3,1,1,2,1,BAMS150,4930,20,1,50,30,80,50,30,80,50,50,30,2,30,1,1,1,32.198269812931805,118.840419640146,0.33000001311302185,4,4,3,2,2,2,Use suggest_C_if_uncertain ONLY when center is visually ambiguous between C1/C2; always confirm on imagery.,0.5966666666666667,0.13666666666666666,0.26666666666666666,1,"{""type"":""Point"",""coordinates"":[118.84041964014601,32.198269812931805]}"
0000000000000000006a,998.384443514899,1,2,1,1,1,1,2,2,2,1,BAMS150,2158,107,1,50,10,50,50,50,50,40,30,30,1,50,1,1,0,31.56855079876402,118.97022619870128,0.34666666666666673,5,4,4,4,0,0,Use suggest_C_if_uncertain ONLY when center is visually ambiguous between C1/C2; always confirm on imagery.,0.6033333333333334,0.14000000059604645,0.25666666666666665,1,"{""type"":""Point"",""coordinates"":[118.9702261987013,31.56855079876402]}"
00000000000000000033,1221.328677091516,2,1,1,2,1,1,2,2,2,1,BAMS150,2835,52,1,10,50,50,10,50,50,10,10,10,1,50,1,1,0,31.68236734526196,118.84464172198136,0.25333333333333335,4,3,5,5,0,0,Use suggest_C_if_uncertain ONLY when center is visually ambiguous between C1/C2; always confirm on imagery.,0.6266666666666667,0.37333333333333335,0.0,1,"{""type"":""Point"",""coordinates"":[118.84464172198138,31.68236734526197]}"
00000000000000000085,932.2263923941139,1,1,1,1,1,1,2,2,2,1,BAMS150,1116,134,1,50,50,50,50,50,50,10,10,10,1,50,1,1,0,31.852238765488963,118.81364984467923,0.26666666666666666,6,5,3,3,0,0,Use suggest_C_if_uncertain ONLY when center is visually ambiguous between C1/C2; always confirm on imagery.,0.6333333333333333,0.36666666666666664,0.0,1,"{""type"":""Point"",""coordinates"":[118.81364984467923,31.852238765488966]}"
0000000000000000006c,984.6808469290306,1,1,2,1,1,2,1,2,2,1,BAMS150,4658,109,1,50,50,10,50,50,30,50,30,30,1,50,1,1,0,32.06927173813224,119.05071524815838,0.2733333333333334,5,4,4,4,0,0,Use suggest_C_if_uncertain ONLY when center is visually ambiguous between C1/C2; always confirm on imagery.,0.6366666666666667,0.36333333333333334,0.0,1,"{""type"":""Point"",""coordinates"":[119.05071524815838,32.06927173813224]}"
0000000000000000005f,1036.9975546940605,1,1,1,2,1,1,2,2,2,1,BAMS150,4898,96,1,50,50,50,30,50,50,30,10,10,1,50,1,1,0,31.906317345592957,118.98711452604272,0.2933333333333333,5,4,4,4,0,0,Use suggest_C_if_uncertain ONLY when center is visually ambiguous between C1/C2; always confirm on imagery.,0.6466666666666666,0.35333333333333333,0.0,1,"{""type"":""Point"",""coordinates"":[118.98711452604272,31.906317345592957]}"
00000000000000000006,2367.656002941398,1,2,2,1,1,1,1,1,1,1,BAMS150,2365,7,1,50,10,10,50,50,50,50,50,50,1,50,1,1,0,31.734918789382952,118.94875646341082,0.30000000000000004,7,6,2,2,0,0,Use suggest_C_if_uncertain ONLY when center is visually ambiguous between C1/C2; always confirm on imagery.,0.6499999761581421,0.3499999940395355,0.0,1,"{""type"":""Point"",""coordinates"":[118.9487564634108,31.734918789382945]}"
0000000000000000005b,1050.527832474543,1,1,1,2,2,2,2,2,2,1,BAMS150,1243,92,1,50,50,50,40,10,10,40,40,40,2,10,1,1,0,32.14688617868016,118.583321805831,0.30666666666666664,3,3,6,5,0,0,Use suggest_C_if_uncertain ONLY when center is visually ambiguous between C1/C2; always confirm on imagery.,0.6533333333333333,0.3466666666666667,0.0,1,"{""type"":""Point"",""coordinates"":[118.58332180583102,32.14688617868016]}"
0000000000000000005a,1050.765565661508,1,1,1,2,2,2,2,2,2,1,BAMS150,108,91,1,50,50,50,10,10,10,10,10,10,2,10,1,1,0,32.18138148559036,118.667493947953,0.3199999928474426,3,3,6,5,0,0,Use suggest_C_if_uncertain ONLY when center is visually ambiguous between C1/C2; always confirm on imagery.,0.6600000262260437,0.3400000035762787,0.0,1,"{""type"":""Point"",""coordinates"":[118.667493947953,32.181381485590364]}"
00000000000000000047,1124.2292225347442,2,1,1,2,2,1,2,2,2,1,BAMS150,1796,72,1,10,50,50,10,10,50,10,10,10,2,10,1,1,0,32.053281726074914,118.80691248004834,0.3400000035762787,3,3,6,5,0,0,Use suggest_C_if_uncertain ONLY when center is visually ambiguous between C1/C2; always confirm on imagery.,0.6700000166893005,0.33000001311302185,0.0,1,"{""type"":""Point"",""coordinates"":[118.80691248004834,32.053281726074914]}"
00000000000000000065,1013.5572296240504,1,1,2,1,1,2,1,1,2,1,BAMS150,4589,102,1,50,50,10,50,50,10,50,50,10,1,50,1,1,0,32.0712480317573,118.61745778662754,0.3633333333333334,6,5,3,3,0,0,Use suggest_C_if_uncertain ONLY when center is visually ambiguous between C1/C2; always confirm on imagery.,0.6700000166893005,0.30666666666666664,0.023333333333333334,1,"{""type"":""Point"",""coordinates"":[118.61745778662755,32.0712480317573]}"
00000000000000000069,1005.0988225581174,2,2,2,1,2,2,2,2,2,1,BAMS150,981,106,1,30,30,40,50,40,40,40,40,40,2,40,1,1,0,31.89859183414953,118.44246596928106,0.3466666666666667,1,1,8,7,0,0,Use suggest_C_if_uncertain ONLY when center is visually ambiguous between C1/C2; always confirm on imagery.,0.6733333333333333,0.32666666666666666,0.0,1,"{""type"":""Point"",""coordinates"":[118.44246596928107,31.898591834149535]}"
00000000000000000060,1032.9699753225764,2,2,2,2,1,2,1,1,1,1,BAMS150,868,97,1,40,40,10,40,50,10,50,50,50,1,50,1,1,0,32.05705465026821,118.90006777501154,0.35666666666666663,4,3,5,5,0,0,Use suggest_C_if_uncertain ONLY when center is visually ambiguous between C1/C2; always confirm on imagery.,0.6766666666666666,0.3199999928474426,0.0033333333333333335,1,"{""type"":""Point"",""coordinates"":[118.90006777501154,32.05705465026821]}"
00000000000000000036,1175.8627781278678,2,1,1,2,2,2,2,2,2,1,BAMS150,17,55,1,40,50,50,40,40,40,40,40,40,2,40,1,1,0,32.23366343512611,119.13407890652468,0.3666666666666667,2,2,7,6,0,0,Use suggest_C_if_uncertain ONLY when center is visually ambiguous between C1/C2; always confirm on imagery.,0.6833333333333333,0.31666666666666665,0.0,1,"{""type"":""Point"",""coordinates"":[119.13407890652468,32.23366343512611]}"
0000000000000000003b,1164.3052186905597,1,1,1,1,1,1,1,2,2,1,BAMS150,2139,60,1,50,50,50,50,50,50,50,10,10,1,50,1,1,0,32.049239307296375,118.76145772667188,0.37333333333333335,7,6,2,2,0,0,Use suggest_C_if_uncertain ONLY when center is visually ambiguous between C1/C2; always confirm on imagery.,0.6833333333333333,0.3100000023841858,0.006666666666666667,1,"{""type"":""Point"",""coordinates"":[118.76145772667189,32.049239307296375]}"
00000000000000000071,969.878893070418,1,1,1,1,1,1,1,1,2,1,BAMS150,4905,114,1,50,50,50,50,50,50,50,50,10,1,50,1,1,0,31.95886878971395,118.86943522382306,0.49000000953674316,8,7,1,1,0,0,Use suggest_C_if_uncertain ONLY when center is visually ambiguous between C1/C2; always confirm on imagery.,0.6866666666666666,0.11666666666666667,0.19666666666666666,1,"{""type"":""Point"",""coordinates"":[118.86943522382307,31.958868789713954]}"
00000000000000000088,928.000342956653,1,1,1,1,1,1,1,1,1,1,BAMS150,161,137,1,50,50,50,50,50,50,50,50,50,1,50,1,1,0,31.300673181039578,118.85605032608969,0.44999999999999996,9,8,0,0,0,0,Use suggest_C_if_uncertain ONLY when center is visually ambiguous between C1/C2; always confirm on imagery.,0.6866666666666666,0.07666666666666666,0.23666666666666666,1,"{""type"":""Point"",""coordinates"":[118.85605032608969,31.300673181039578]}"
00000000000000000024,1303.7115061265436,1,1,1,1,1,1,1,1,1,1,BAMS150,2484,37,1,50,50,50,50,50,50,50,50,50,1,50,1,1,0,31.347026249700143,118.8817421432155,0.4733333333333333,9,8,0,0,0,0,Use suggest_C_if_uncertain ONLY when center is visually ambiguous between C1/C2; always confirm on imagery.,0.6899999976158142,0.09333333333333334,0.21666666666666667,1,"{""type"":""Point"",""coordinates"":[118.88174214321549,31.347026249700143]}"
00000000000000000087,928.8273576681606,2,1,1,2,1,1,2,2,1,1,BAMS150,3449,136,1,10,50,50,10,50,50,10,10,50,1,50,1,1,0,31.959946768054895,118.54837734127877,0.3833333333333333,5,4,4,4,0,0,Use suggest_C_if_uncertain ONLY when center is visually ambiguous between C1/C2; always confirm on imagery.,0.6899999976158142,0.30666666666666664,0.0033333333333333335,1,"{""type"":""Point"",""coordinates"":[118.54837734127878,31.9599467680549]}"
0000000000000000008f,917.88823826511,2,1,1,2,1,1,2,1,1,1,BAMS150,1422,144,1,10,50,50,10,50,50,10,50,50,1,50,1,1,0,31.870474565756588,118.48504611374833,0.3866666666666666,6,5,3,3,0,0,Use suggest_C_if_uncertain ONLY when center is visually ambiguous between C1/C2; always confirm on imagery.,0.6899999976158142,0.30333333333333334,0.006666666666666667,1,"{""type"":""Point"",""coordinates"":[118.48504611374835,31.870474565756588]}"
00000000000000000046,1128.5061917463092,1,2,2,1,1,2,1,1,2,1,BAMS150,1529,71,1,50,10,10,50,50,10,50,50,10,1,50,1,1,0,32.02794923506274,118.73190315382436,0.3866666666666667,5,4,4,4,0,0,Use suggest_C_if_uncertain ONLY when center is visually ambiguous between C1/C2; always confirm on imagery.,0.6933333333333334,0.30666666666666664,0.0,1,"{""type"":""Point"",""coordinates"":[118.73190315382436,32.02794923506275]}"
00000000000000000063,1023.9364710935677,2,2,2,1,1,2,1,1,1,1,BAMS150,2929,100,1,10,10,10,50,50,10,50,50,50,1,50,1,1,0,31.796453386345146,118.63578341842356,0.42000000000000004,5,4,4,4,0,0,Use suggest_C_if_uncertain ONLY when center is visually ambiguous between C1/C2; always confirm on imagery.,0.6933333333333334,0.2733333333333333,0.03333333333333333,1,"{""type"":""Point"",""coordinates"":[118.63578341842356,31.79645338634514]}"
00000000000000000057,1056.9190226469061,1,1,1,1,1,1,1,1,1,1,BAMS150,4058,88,1,50,50,50,50,50,50,50,50,50,1,50,1,1,0,32.21560729791531,119.0688612168976,0.49000000953674316,9,8,0,0,0,0,Use suggest_C_if_uncertain ONLY when center is visually ambiguous between C1/C2; always confirm on imagery.,0.6966666666666667,0.09666666666666666,0.20666666666666667,1,"{""type"":""Point"",""coordinates"":[119.06886121689759,32.21560729791531]}"
00000000000000000004,2470.9375587295763,1,1,1,1,1,1,2,2,2,1,BAMS150,710,5,1,50,50,50,50,50,50,40,40,40,1,50,1,1,0,31.92572095572994,119.0508050796868,0.39999999999999997,6,5,3,3,0,0,Use suggest_C_if_uncertain ONLY when center is visually ambiguous between C1/C2; always confirm on imagery.,0.699999988079071,0.30000001192092896,0.0,1,"{""type"":""Point"",""coordinates"":[119.05080507968681,31.925720955729947]}"
00000000000000000075,960.4875688258669,1,1,1,2,2,2,2,2,2,1,BAMS150,4179,118,1,50,50,50,10,10,10,10,10,10,2,10,1,1,0,31.80193310957827,118.73783203469957,0.4066666666666667,3,3,6,5,0,0,Use suggest_C_if_uncertain ONLY when center is visually ambiguous between C1/C2; always confirm on imagery.,0.7033333333333334,0.2966666666666667,0.0,1,"{""type"":""Point"",""coordinates"":[118.73783203469957,31.80193310957827]}"
00000000000000000090,910.7553178677963,1,1,1,2,1,1,1,1,1,1,BAMS150,4511,145,1,50,50,50,60,50,50,50,50,50,1,50,1,1,0,32.03145266467081,118.77080020562674,0.4066666666666667,8,7,1,1,0,0,Use suggest_C_if_uncertain ONLY when center is visually ambiguous between C1/C2; always confirm on imagery.,0.7033333333333334,0.2966666666666667,0.0,1,"{""type"":""Point"",""coordinates"":[118.77080020562676,32.03145266467081]}"
0000000000000000002f,1237.0996132023947,2,2,2,2,1,1,2,2,1,1,BAMS150,1979,48,1,40,40,10,10,50,50,10,10,50,1,50,1,1,0,31.827984252817735,118.8314364873048,0.44333333333333336,3,2,6,6,0,0,Use suggest_C_if_uncertain ONLY when center is visually ambiguous between C1/C2; always confirm on imagery.,0.7066666666666667,0.2633333333333333,0.029999999329447746,1,"{""type"":""Point"",""coordinates"":[118.83143648730481,31.827984252817735]}"
00000000000000000084,933.5244389371435,2,2,1,2,1,1,1,1,1,1,BAMS150,2888,133,1,10,10,50,10,50,50,50,50,50,1,50,1,1,0,32.08014135307008,118.63353763021328,0.41999998688697815,6,5,3,3,0,0,Use suggest_C_if_uncertain ONLY when center is visually ambiguous between C1/C2; always confirm on imagery.,0.7099999785423279,0.28999999165534973,0.0,1,"{""type"":""Point"",""coordinates"":[118.63353763021328,32.08014135307008]}"
0000000000000000002a,1265.7172911515502,1,1,1,1,1,1,1,1,2,1,BAMS150,4273,43,1,50,50,50,50,50,50,50,50,10,1,50,1,1,0,31.883230642791087,118.9538768605303,0.46000000834465027,8,7,1,1,0,0,Use suggest_C_if_uncertain ONLY when center is visually ambiguous between C1/C2; always confirm on imagery.,0.7133333333333334,0.03333333333333333,0.25333333333333335,1,"{""type"":""Point"",""coordinates"":[118.9538768605303,31.883230642791087]}"
0000000000000000008d,919.5448022865955,1,1,2,2,2,2,2,2,2,1,BAMS150,888,142,1,50,50,10,10,10,10,10,10,10,2,10,1,1,0,32.28145380824127,118.78274779890552,0.4266666666666667,2,2,7,6,0,0,Use suggest_C_if_uncertain ONLY when center is visually ambiguous between C1/C2; always confirm on imagery.,0.7133333333333334,0.2866666666666667,0.0,1,"{""type"":""Point"",""coordinates"":[118.78274779890556,32.28145380824127]}"
0000000000000000008e,918.5215666636796,2,1,1,2,1,1,2,2,2,1,BAMS150,3121,143,1,30,50,50,30,50,50,40,30,30,1,50,1,1,0,31.39095386709359,119.18115062741252,0.5,4,3,5,5,0,0,Use suggest_C_if_uncertain ONLY when center is visually ambiguous between C1/C2; always confirm on imagery.,0.7133333333333334,0.21333333333333335,0.07333333333333333,1,"{""type"":""Point"",""coordinates"":[119.18115062741253,31.390953867093582]}"
00000000000000000058,1055.4392769887365,1,1,1,1,1,1,2,1,1,1,BAMS150,3830,89,1,50,50,50,50,50,50,10,50,50,1,50,1,1,0,31.373346887524846,119.19480501973116,0.43333333333333335,8,7,1,1,0,0,Use suggest_C_if_uncertain ONLY when center is visually ambiguous between C1/C2; always confirm on imagery.,0.7166666666666667,0.2833333333333333,0.0,1,"{""type"":""Point"",""coordinates"":[119.19480501973118,31.373346887524853]}"
0000000000000000005e,1041.4065726261856,1,1,1,1,1,1,1,1,1,1,BAMS150,3109,95,1,50,50,50,50,50,50,50,50,50,1,50,1,1,0,32.18829851327808,118.67944154123178,0.43333333333333335,9,8,0,0,0,0,Use suggest_C_if_uncertain ONLY when center is visually ambiguous between C1/C2; always confirm on imagery.,0.7166666666666667,0.2833333333333333,0.0,1,"{""type"":""Point"",""coordinates"":[118.67944154123178,32.18829851327808]}"
00000000000000000062,1028.439533443028,2,2,1,2,1,1,2,1,1,1,BAMS150,3184,99,1,10,10,50,10,50,50,10,50,50,1,50,1,1,0,32.03711205096076,118.88533540435198,0.4533333333333333,5,4,4,4,0,0,Use suggest_C_if_uncertain ONLY when center is visually ambiguous between C1/C2; always confirm on imagery.,0.7200000286102295,0.013333333333333334,0.26666666666666666,1,"{""type"":""Point"",""coordinates"":[118.88533540435196,32.03711205096076]}"
00000000000000000082,935.9950445808295,1,1,1,1,1,1,2,2,2,1,BAMS150,4496,131,1,50,50,50,50,50,50,40,10,10,1,50,1,1,0,32.39913311046093,119.00391302185577,0.4466666666666667,6,5,3,3,0,0,Use suggest_C_if_uncertain ONLY when center is visually ambiguous between C1/C2; always confirm on imagery.,0.7233333333333334,0.27666666666666667,0.0,1,"{""type"":""Point"",""coordinates"":[119.00391302185575,32.39913311046092]}"
0000000000000000004b,1108.629546432076,1,1,1,1,1,1,1,1,1,1,BAMS150,1525,76,1,50,50,50,50,50,50,50,50,50,1,50,1,1,0,32.54412119731782,118.77996302152476,0.45333333333333337,9,8,0,0,0,0,Use suggest_C_if_uncertain ONLY when center is visually ambiguous between C1/C2; always confirm on imagery.,0.7266666666666667,0.2733333333333333,0.0,1,"{""type"":""Point"",""coordinates"":[118.77996302152476,32.544121197317814]}"
0000000000000000006d,983.562485860589,1,1,1,1,1,2,2,2,2,1,BAMS150,3144,110,1,50,50,50,50,50,30,40,30,30,1,50,1,1,0,32.15137775510076,118.74259310570538,0.45999999999999996,5,4,4,4,0,0,Use suggest_C_if_uncertain ONLY when center is visually ambiguous between C1/C2; always confirm on imagery.,0.7300000190734863,0.27000001072883606,0.0,1,"{""type"":""Point"",""coordinates"":[118.7425931057054,32.15137775510076]}"
0000000000000000004d,1106.6194731590876,1,1,2,1,1,2,1,1,2,1,BAMS150,1785,78,1,50,50,30,50,50,40,50,50,40,1,50,1,1,0,31.729528897678236,118.9367190386036,0.4733333333333334,6,5,3,3,0,0,Use suggest_C_if_uncertain ONLY when center is visually ambiguous between C1/C2; always confirm on imagery.,0.7366666666666667,0.2633333333333333,0.0,1,"{""type"":""Point"",""coordinates"":[118.9367190386036,31.729528897678243]}"
0000000000000000008a,925.468703780198,1,1,1,1,1,1,1,2,1,1,BAMS150,4916,139,1,50,50,50,50,50,50,50,40,50,1,50,1,1,0,32.39077877831862,118.918483238336,0.4733333333333334,8,7,1,1,0,0,Use suggest_C_if_uncertain ONLY when center is visually ambiguous between C1/C2; always confirm on imagery.,0.7366666666666667,0.2633333333333333,0.0,1,"{""type"":""Point"",""coordinates"":[118.918483238336,32.39077877831862]}"
0000000000000000007f,940.9026047107392,1,1,1,1,1,1,2,2,2,1,BAMS150,2051,128,1,50,50,50,50,50,50,30,40,40,1,50,1,1,0,32.282172460468566,118.86135038626598,0.47999998927116394,6,5,3,3,0,0,Use suggest_C_if_uncertain ONLY when center is visually ambiguous between C1/C2; always confirm on imagery.,0.7400000095367432,0.25999999046325684,0.0,1,"{""type"":""Point"",""coordinates"":[118.86135038626598,32.282172460468566]}"
00000000000000000044,1138.4068381569916,1,1,2,1,1,1,1,1,1,1,BAMS150,1740,69,1,50,50,10,50,50,50,50,50,50,1,50,1,1,0,32.32870519218596,118.92513077143848,0.48666666666666664,8,7,1,1,0,0,Use suggest_C_if_uncertain ONLY when center is visually ambiguous between C1/C2; always confirm on imagery.,0.7433333333333333,0.25666666666666665,0.0,1,"{""type"":""Point"",""coordinates"":[118.92513077143849,32.32870519218596]}"
00000000000000000050,1095.3644355189015,1,1,1,1,1,1,1,1,1,1,BAMS150,3712,81,1,50,50,50,50,50,50,50,50,50,1,50,1,1,0,31.96542649128802,118.89216260051128,0.48666666666666664,9,8,0,0,0,0,Use suggest_C_if_uncertain ONLY when center is visually ambiguous between C1/C2; always confirm on imagery.,0.7433333333333333,0.25666666666666665,0.0,1,"{""type"":""Point"",""coordinates"":[118.89216260051127,31.965426491288017]}"
0000000000000000002b,1257.4257851165244,1,1,2,1,1,2,1,2,2,1,BAMS150,3740,44,1,50,50,10,50,50,10,50,10,10,1,50,1,1,0,31.81522817578324,118.5743386529898,0.4966666666666667,5,4,4,4,0,0,Use suggest_C_if_uncertain ONLY when center is visually ambiguous between C1/C2; always confirm on imagery.,0.7466666666666667,0.25,0.0033333333333333335,1,"{""type"":""Point"",""coordinates"":[118.5743386529898,31.815228175783236]}"
00000000000000000095,903.5368458490941,1,1,1,1,1,1,1,2,1,1,BAMS150,4500,150,1,50,50,50,50,50,50,50,10,50,1,50,1,1,0,31.92940404839483,118.87150134897654,0.49333333333333335,8,7,1,1,0,0,Use suggest_C_if_uncertain ONLY when center is visually ambiguous between C1/C2; always confirm on imagery.,0.7466666666666667,0.25333333333333335,0.0,1,"{""type"":""Point"",""coordinates"":[118.87150134897655,31.929404048394826]}"
0000000000000000002e,1242.7561371696586,1,1,1,1,1,1,2,2,2,1,BAMS150,3446,47,1,50,50,50,50,50,50,10,10,10,1,50,1,1,0,31.793399114379135,118.5653555001486,0.5,6,5,3,3,0,0,Use suggest_C_if_uncertain ONLY when center is visually ambiguous between C1/C2; always confirm on imagery.,0.75,0.25,0.0,1,"{""type"":""Point"",""coordinates"":[118.56535550014861,31.79339911437913]}"
00000000000000000070,970.0145080452576,1,1,1,1,1,1,2,1,1,1,BAMS150,2070,113,1,50,50,50,50,50,50,10,50,50,1,50,1,1,0,32.08732787534304,118.96645327450796,0.5,8,7,1,1,0,0,Use suggest_C_if_uncertain ONLY when center is visually ambiguous between C1/C2; always confirm on imagery.,0.75,0.25,0.0,1,"{""type"":""Point"",""coordinates"":[118.96645327450796,32.08732787534305]}"
0000000000000000007d,946.8434765556549,1,1,1,1,1,1,1,1,1,1,BAMS150,3429,126,1,50,50,50,50,50,50,50,50,50,1,50,1,1,0,31.327712471091573,118.8811133225166,0.5066666666666666,9,8,0,0,0,0,Use suggest_C_if_uncertain ONLY when center is visually ambiguous between C1/C2; always confirm on imagery.,0.75,0.006666666666666667,0.24333333333333335,1,"{""type"":""Point"",""coordinates"":[118.8811133225166,31.327712471091573]}"
00000000000000000011,1611.846545822979,2,2,2,1,1,2,1,1,1,1,BAMS150,4317,18,1,40,40,40,50,50,40,50,50,50,1,50,1,1,0,32.37595657613064,118.92926302174544,0.5066666666666666,5,4,4,4,0,0,Use suggest_C_if_uncertain ONLY when center is visually ambiguous between C1/C2; always confirm on imagery.,0.7533333333333333,0.24666666666666667,0.0,1,"{""type"":""Point"",""coordinates"":[118.92926302174544,32.37595657613064]}"
00000000000000000067,1008.3769232921045,1,1,1,2,1,1,2,2,1,1,BAMS150,1929,104,1,50,50,50,10,50,50,10,10,50,1,50,1,1,0,32.58724033095555,118.63802920663387,0.5199999809265137,6,5,3,3,0,0,Use suggest_C_if_uncertain ONLY when center is visually ambiguous between C1/C2; always confirm on imagery.,0.7533333333333333,0.23333333333333334,0.013333333333333334,1,"{""type"":""Point"",""coordinates"":[118.63802920663389,32.58724033095555]}"
00000000000000000072,968.1756299117135,1,1,1,1,1,1,1,1,1,1,BAMS150,1719,115,1,50,50,50,50,50,50,50,50,50,1,50,1,1,0,32.10008395237754,118.80933793131548,0.5133333333333333,9,8,0,0,0,0,Use suggest_C_if_uncertain ONLY when center is visually ambiguous between C1/C2; always confirm on imagery.,0.7533333333333333,0.23999999463558197,0.006666666666666667,1,"{""type"":""Point"",""coordinates"":[118.80933793131548,32.10008395237753]}"
00000000000000000055,1079.7272705349183,1,1,1,1,1,1,1,1,2,1,BAMS150,3900,86,1,50,50,50,50,50,50,50,50,30,1,50,1,1,0,32.51196151014634,118.81733293734412,0.5133333333333334,8,7,1,1,0,0,Use suggest_C_if_uncertain ONLY when center is visually ambiguous between C1/C2; always confirm on imagery.,0.7566666666666667,0.24333333333333335,0.0,1,"{""type"":""Point"",""coordinates"":[118.81733293734415,32.51196151014634]}"
00000000000000000051,1093.082282394897,1,2,2,1,2,2,1,2,2,1,BAMS150,4904,82,1,50,30,30,50,30,30,50,30,30,2,30,1,1,0,32.21533780333007,118.61664930287183,0.5266666666666666,3,3,6,5,0,0,Use suggest_C_if_uncertain ONLY when center is visually ambiguous between C1/C2; always confirm on imagery.,0.7633333333333333,0.23666666666666666,0.0,1,"{""type"":""Point"",""coordinates"":[118.61664930287186,32.21533780333007]}"
00000000000000000079,950.0108520504707,3,3,2,2,2,2,2,2,2,2,BAMS150,8995,122,2,80,80,10,10,10,10,10,10,10,2,10,0,0,1,32.045915540745135,118.82892120450929,0.5166666666666666,0,0,7,6,2,2,Use suggest_C_if_uncertain ONLY when center is visually ambiguous between C1/C2; always confirm on imagery.,0.009999999776482582,0.7533333333333333,0.23666666666666666,2,"{""type"":""Point"",""coordinates"":[118.82892120450929,32.045915540745135]}"
00000000000000000039,1168.7475502142042,2,2,2,2,2,2,2,2,2,2,BAMS150,9146,58,2,60,60,60,60,60,60,60,30,30,2,60,0,0,0,31.933356635644955,118.4465083880596,0.5133333333333333,0,0,9,8,0,0,Use suggest_C_if_uncertain ONLY when center is visually ambiguous between C1/C2; always confirm on imagery.,0.05333333333333334,0.7300000190734863,0.21666666666666667,2,"{""type"":""Point"",""coordinates"":[118.44650838805963,31.93335663564495]}"
00000000000000000042,1142.0376191160556,2,2,2,2,2,2,2,2,3,2,BAMS150,5658,67,2,40,40,40,40,40,40,40,40,80,2,40,0,0,1,31.342534673279545,118.74169479042126,0.5066666666666666,0,0,8,7,1,1,Use suggest_C_if_uncertain ONLY when center is visually ambiguous between C1/C2; always confirm on imagery.,0.18000000715255737,0.6866666666666666,0.13333333333333333,2,"{""type"":""Point"",""coordinates"":[118.74169479042128,31.342534673279545]}"
0000000000000000004e,1105.8515595972804,2,2,2,2,2,1,2,1,1,2,BAMS150,5291,79,2,10,10,10,10,10,50,10,50,50,2,10,1,1,0,31.95329923495241,118.77708841261556,0.5066666666666666,3,3,6,5,0,0,Use suggest_C_if_uncertain ONLY when center is visually ambiguous between C1/C2; always confirm on imagery.,0.20000000298023224,0.7066666666666667,0.09333333333333334,1,"{""type"":""Point"",""coordinates"":[118.77708841261556,31.953299234952418]}"
00000000000000000049,1121.381245961304,2,1,1,2,1,1,1,1,1,2,BAMS150,5262,74,2,10,50,50,10,50,50,50,50,50,1,50,1,1,0,31.90676650323502,118.90473901448895,0.5199999809265137,7,6,2,2,0,0,Use suggest_C_if_uncertain ONLY when center is visually ambiguous between C1/C2; always confirm on imagery.,0.2199999988079071,0.7400000095367432,0.03999999910593033,1,"{""type"":""Point"",""coordinates"":[118.90473901448895,31.90676650323502]}"
00000000000000000017,1521.669899412582,2,2,2,2,2,2,2,2,2,2,BAMS150,6318,24,2,10,10,30,10,30,30,30,30,30,2,30,0,0,0,31.966863795742615,118.49681404397028,0.4766666666666666,0,0,9,8,0,0,Use suggest_C_if_uncertain ONLY when center is visually ambiguous between C1/C2; always confirm on imagery.,0.22333333333333333,0.699999988079071,0.07666666666666666,2,"{""type"":""Point"",""coordinates"":[118.49681404397029,31.966863795742615]}"
00000000000000000015,1537.3243675342887,2,2,2,2,2,2,2,2,2,2,BAMS150,5300,22,2,10,10,10,30,30,10,30,30,10,2,30,0,0,0,31.918175107343338,119.10066157795542,0.5266666666666666,0,0,9,8,0,0,Use suggest_C_if_uncertain ONLY when center is visually ambiguous between C1/C2; always confirm on imagery.,0.23666666666666666,0.7633333333333333,0.0,2,"{""type"":""Point"",""coordinates"":[119.10066157795542,31.918175107343334]}"
0000000000000000001e,1391.9237726048505,2,2,2,2,2,2,2,2,2,2,BAMS150,8055,31,2,30,30,10,30,30,30,10,30,10,2,30,0,0,0,31.99336409662414,118.42863191390562,0.5199999809265137,0,0,9,8,0,0,Use suggest_C_if_uncertain ONLY when center is visually ambiguous between C1/C2; always confirm on imagery.,0.23666666666666666,0.7566666666666667,0.006666666666666667,2,"{""type"":""Point"",""coordinates"":[118.42863191390563,31.993364096624138]}"
0000000000000000000d,1720.675915029071,2,2,2,2,2,2,2,2,2,2,BAMS150,7784,14,2,40,40,30,40,30,30,40,30,60,2,30,0,0,0,31.76743780266808,118.95333787135982,0.5199999809265137,0,0,9,8,0,0,Use suggest_C_if_uncertain ONLY when center is visually ambiguous between C1/C2; always confirm on imagery.,0.23999999463558197,0.7599999904632568,0.0,2,"{""type"":""Point"",""coordinates"":[118.95333787135982,31.76743780266808]}"
00000000000000000045,1128.5984653106664,2,2,2,2,2,2,2,2,2,2,BAMS150,9359,70,2,10,10,10,30,10,10,10,10,10,2,10,0,0,0,32.533700740022034,118.76657812379138,0.5166666666666667,0,0,9,8,0,0,Use suggest_C_if_uncertain ONLY when center is visually ambiguous between C1/C2; always confirm on imagery.,0.23999999463558197,0.7566666666666667,0.0033333333333333335,2,"{""type"":""Point"",""coordinates"":[118.76657812379139,32.533700740022034]}"
0000000000000000004c,1107.7457910124492,2,2,2,2,2,2,2,2,2,2,BAMS150,6255,77,2,40,40,40,40,40,40,40,40,40,2,40,0,0,0,31.773456515071683,118.92962234785908,0.5199999809265137,0,0,9,8,0,0,Use suggest_C_if_uncertain ONLY when center is visually ambiguous between C1/C2; always confirm on imagery.,0.23999999463558197,0.7599999904632568,0.0,2,"{""type"":""Point"",""coordinates"":[118.92962234785908,31.773456515071683]}"
00000000000000000073,966.9882467571887,2,2,3,2,2,3,2,3,3,2,BAMS150,6074,116,2,30,30,80,30,30,80,10,80,80,2,30,0,0,1,31.87793058261478,118.84239593377106,0.4933333333333333,0,0,5,4,4,4,Use suggest_C_if_uncertain ONLY when center is visually ambiguous between C1/C2; always confirm on imagery.,0.23999999463558197,0.7333333333333333,0.02666666666666667,2,"{""type"":""Point"",""coordinates"":[118.84239593377107,31.87793058261478]}"
0000000000000000000b,1803.9752935483548,2,2,2,2,2,2,2,2,2,2,BAMS150,8323,12,2,60,40,40,40,40,40,40,40,60,2,40,0,0,0,32.099814457792306,118.91938155362013,0.5066666666666666,0,0,9,8,0,0,Use suggest_C_if_uncertain ONLY when center is visually ambiguous between C1/C2; always confirm on imagery.,0.24666666666666667,0.7533333333333333,0.0,2,"{""type"":""Point"",""coordinates"":[118.91938155362013,32.099814457792306]}"
0000000000000000001f,1384.0107439232688,2,2,2,2,2,3,2,2,2,2,BAMS150,6104,32,2,30,30,30,60,60,80,30,30,60,2,60,0,0,1,31.24228268757181,118.87239966426066,0.5033333333333333,0,0,8,7,1,1,Use suggest_C_if_uncertain ONLY when center is visually ambiguous between C1/C2; always confirm on imagery.,0.24666666666666667,0.75,0.0033333333333333335,2,"{""type"":""Point"",""coordinates"":[118.87239966426066,31.2422826875718]}"
00000000000000000061,1028.8007604314607,2,1,2,1,2,2,2,2,2,2,BAMS150,6192,98,2,10,50,10,50,10,10,10,10,10,2,10,1,1,0,32.05552751428521,119.04568468256733,0.5066666666666666,2,2,7,6,0,0,Use suggest_C_if_uncertain ONLY when center is visually ambiguous between C1/C2; always confirm on imagery.,0.24666666666666667,0.7533333333333333,0.0,1,"{""type"":""Point"",""coordinates"":[119.04568468256734,32.05552751428521]}"
00000000000000000086,930.2031966266061,2,2,2,2,2,2,2,2,2,2,BAMS150,9455,135,2,40,40,40,40,40,40,40,40,40,2,40,0,0,0,31.67006042586952,119.0477508077208,0.5066666666666666,0,0,9,8,0,0,Use suggest_C_if_uncertain ONLY when center is visually ambiguous between C1/C2; always confirm on imagery.,0.24666666666666667,0.7533333333333333,0.0,2,"{""type"":""Point"",""coordinates"":[119.04775080772083,31.670060425869515]}"
00000000000000000056,1073.9223029460577,2,2,2,2,2,2,2,2,2,2,BAMS150,7639,87,2,60,60,10,10,10,10,10,10,10,2,10,0,0,0,31.769054770179498,118.649617473799,0.4633333333333333,0,0,9,8,0,0,Use suggest_C_if_uncertain ONLY when center is visually ambiguous between C1/C2; always confirm on imagery.,0.25666666666666665,0.7200000286102295,0.023333333333333334,2,"{""type"":""Point"",""coordinates"":[118.649617473799,31.769054770179498]}"
00000000000000000094,904.2144623812665,2,2,2,2,2,2,1,2,2,2,BAMS150,9681,149,2,10,10,10,10,10,40,50,10,40,2,10,1,1,0,32.22018870586432,118.87769972443697,0.48666666666666664,1,1,8,7,0,0,Use suggest_C_if_uncertain ONLY when center is visually ambiguous between C1/C2; always confirm on imagery.,0.25666666666666665,0.7433333333333333,0.0,1,"{""type"":""Point"",""coordinates"":[118.87769972443697,32.22018870586432]}"
0000000000000000008b,922.6305130284632,2,2,2,2,2,2,2,2,2,2,BAMS150,5166,140,2,30,30,30,30,30,30,30,30,30,2,30,0,0,0,31.929044722281184,119.08224611463098,0.47999998927116394,0,0,9,8,0,0,Use suggest_C_if_uncertain ONLY when center is visually ambiguous between C1/C2; always confirm on imagery.,0.25999999046325684,0.7400000095367432,0.0,2,"{""type"":""Point"",""coordinates"":[119.082246114631,31.929044722281187]}"
00000000000000000030,1236.1323965651877,2,2,2,2,2,2,2,2,2,2,BAMS150,7510,49,2,10,10,10,10,10,10,10,10,10,2,10,0,0,0,31.88062552846714,118.70154009722113,0.4699999988079071,0,0,9,8,0,0,Use suggest_C_if_uncertain ONLY when center is visually ambiguous between C1/C2; always confirm on imagery.,0.2633333333333333,0.7333333333333333,0.0033333333333333335,2,"{""type"":""Point"",""coordinates"":[118.70154009722114,31.880625528467142]}"
00000000000000000064,1015.9225472024239,2,2,1,2,1,1,2,2,2,2,BAMS150,7332,101,2,10,10,50,10,50,50,10,10,10,1,50,1,1,0,31.648590690579063,119.16938269719056,0.4733333333333334,3,2,6,6,0,0,Use suggest_C_if_uncertain ONLY when center is visually ambiguous between C1/C2; always confirm on imagery.,0.2633333333333333,0.7366666666666667,0.0,1,"{""type"":""Point"",""coordinates"":[119.16938269719056,31.648590690579063]}"
00000000000000000014,1577.97267568759,2,2,2,2,2,2,2,2,2,2,BAMS150,5323,21,2,30,30,40,40,40,40,40,30,30,2,40,0,0,0,31.772378536730734,118.92953251633064,0.4666666666666666,0,0,9,8,0,0,Use suggest_C_if_uncertain ONLY when center is visually ambiguous between C1/C2; always confirm on imagery.,0.26666666666666666,0.7333333333333333,0.0,2,"{""type"":""Point"",""coordinates"":[118.92953251633065,31.77237853673073]}"
00000000000000000052,1089.8081242150197,2,2,2,2,2,2,1,1,1,2,BAMS150,5194,83,2,30,30,30,30,30,30,50,50,50,2,30,1,1,0,31.379904589098917,118.95477517581442,0.4666666666666666,3,3,6,5,0,0,Use suggest_C_if_uncertain ONLY when center is visually ambiguous between C1/C2; always confirm on imagery.,0.26666666666666666,0.7333333333333333,0.0,1,"{""type"":""Point"",""coordinates"":[118.95477517581445,31.37990458909892]}"
0000000000000000000a,1890.0182382875305,2,2,2,2,2,2,2,2,2,2,BAMS150,9425,11,2,60,60,60,60,60,40,60,60,40,2,60,0,0,0,31.632960004635382,118.89818131291489,0.45999999999999996,0,0,9,8,0,0,Use suggest_C_if_uncertain ONLY when center is visually ambiguous between C1/C2; always confirm on imagery.,0.27000001072883606,0.7300000190734863,0.0,2,"{""type"":""Point"",""coordinates"":[118.89818131291491,31.632960004635382]}"
00000000000000000026,1289.0062192693854,2,2,2,2,2,2,2,2,2,2,BAMS150,9562,39,2,40,30,30,30,30,30,30,30,30,2,30,0,0,0,31.357536538524343,119.16345381631538,0.45333333333333337,0,0,9,8,0,0,Use suggest_C_if_uncertain ONLY when center is visually ambiguous between C1/C2; always confirm on imagery.,0.27000001072883606,0.7233333333333334,0.006666666666666667,2,"{""type"":""Point"",""coordinates"":[119.16345381631542,31.357536538524343]}"
00000000000000000043,1139.9312453725147,2,2,2,2,2,2,2,2,2,2,BAMS150,7972,68,2,10,10,10,10,10,10,60,10,10,2,10,0,0,0,32.0862498970021,118.50705483820924,0.41666666666666663,0,0,9,8,0,0,Use suggest_C_if_uncertain ONLY when center is visually ambiguous between C1/C2; always confirm on imagery.,0.27000001072883606,0.6866666666666666,0.043333333333333335,2,"{""type"":""Point"",""coordinates"":[118.50705483820924,32.086249897002105]}"
00000000000000000066,1009.9660352708004,2,2,1,2,2,1,2,2,1,2,BAMS150,8872,103,2,40,40,50,40,40,50,40,40,50,2,40,1,1,0,31.851430281733258,118.7969411803946,0.45333333333333337,3,3,6,5,0,0,Use suggest_C_if_uncertain ONLY when center is visually ambiguous between C1/C2; always confirm on imagery.,0.27000001072883606,0.7233333333333334,0.006666666666666667,1,"{""type"":""Point"",""coordinates"":[118.79694118039463,31.85143028173325]}"
0000000000000000001c,1420.399011969651,2,2,2,2,2,2,2,2,2,2,BAMS150,9754,29,2,30,30,30,30,30,30,30,30,30,2,30,0,0,0,32.21291235206295,118.83907216721984,0.44000000000000006,0,0,9,8,0,0,Use suggest_C_if_uncertain ONLY when center is visually ambiguous between C1/C2; always confirm on imagery.,0.2733333333333333,0.7133333333333334,0.013333333333333334,2,"{""type"":""Point"",""coordinates"":[118.83907216721983,32.21291235206296]}"
0000000000000000002d,1244.5330949536165,2,2,2,2,2,2,2,2,2,2,BAMS150,5184,46,2,30,30,60,30,60,60,10,10,60,2,60,0,0,0,32.03783070318806,118.58242349054689,0.4466666666666667,0,0,9,8,0,0,Use suggest_C_if_uncertain ONLY when center is visually ambiguous between C1/C2; always confirm on imagery.,0.27666666666666667,0.7233333333333334,0.0,2,"{""type"":""Point"",""coordinates"":[118.58242349054692,32.03783070318806]}"
00000000000000000059,1055.0937566114624,2,2,1,2,2,1,1,1,1,2,BAMS150,9175,90,2,10,10,50,10,10,50,50,50,50,2,10,1,1,0,32.243544903251426,118.63021386366204,0.4466666666666667,5,5,4,3,0,0,Use suggest_C_if_uncertain ONLY when center is visually ambiguous between C1/C2; always confirm on imagery.,0.27666666666666667,0.7233333333333334,0.0,1,"{""type"":""Point"",""coordinates"":[118.63021386366206,32.24354490325142]}"
0000000000000000001a,1474.9840701791945,1,2,2,2,2,1,2,2,1,2,BAMS150,5577,27,2,50,30,60,60,60,50,60,60,50,2,60,1,1,0,31.956443338446828,118.91219503134715,0.3866666666666666,3,3,6,5,0,0,Use suggest_C_if_uncertain ONLY when center is visually ambiguous between C1/C2; always confirm on imagery.,0.2800000011920929,0.6666666666666666,0.05333333333333334,1,"{""type"":""Point"",""coordinates"":[118.91219503134718,31.95644333844682]}"
00000000000000000016,1532.7851597835968,2,2,2,2,2,2,2,2,2,2,BAMS150,7847,23,2,30,30,40,30,30,40,30,30,40,2,30,0,0,0,31.551842134479394,118.92629858130783,0.43000000000000005,0,0,9,8,0,0,Use suggest_C_if_uncertain ONLY when center is visually ambiguous between C1/C2; always confirm on imagery.,0.2833333333333333,0.7133333333333334,0.0033333333333333335,2,"{""type"":""Point"",""coordinates"":[118.92629858130785,31.551842134479397]}"
0000000000000000005d,1042.2859963100516,2,2,2,2,2,2,2,2,2,2,BAMS150,6424,94,2,60,60,30,60,60,30,60,10,10,2,60,0,0,0,31.95141277285576,118.96618377992272,0.43333333333333335,0,0,9,8,0,0,Use suggest_C_if_uncertain ONLY when center is visually ambiguous between C1/C2; always confirm on imagery.,0.2833333333333333,0.7166666666666667,0.0,2,"{""type"":""Point"",""coordinates"":[118.96618377992272,31.951412772855765]}"
0000000000000000006e,981.0352412586944,2,1,2,2,2,2,2,2,2,2,BAMS150,8703,111,2,30,50,30,30,30,30,30,30,30,2,30,1,1,0,31.94683136490675,119.02259797976544,0.4033333333333333,1,1,8,7,0,0,Use suggest_C_if_uncertain ONLY when center is visually ambiguous between C1/C2; always confirm on imagery.,0.2833333333333333,0.6866666666666666,0.029999999329447746,1,"{""type"":""Point"",""coordinates"":[119.02259797976544,31.946831364906753]}"
0000000000000000004f,1099.7954556099717,1,2,1,2,2,2,2,2,2,2,BAMS150,8532,80,2,50,60,50,10,10,10,10,10,30,2,10,1,1,0,32.467405072054014,118.96169220350214,0.4266666666666667,2,2,7,6,0,0,Use suggest_C_if_uncertain ONLY when center is visually ambiguous between C1/C2; always confirm on imagery.,0.2866666666666667,0.7133333333333334,0.0,1,"{""type"":""Point"",""coordinates"":[118.96169220350214,32.467405072054014]}"
00000000000000000001,3105.1560144016908,2,2,2,2,2,2,2,2,2,2,BAMS150,9022,2,2,60,60,60,60,60,60,60,60,60,2,60,0,0,0,31.82690627447679,118.5630198804099,0.41999998688697815,0,0,9,8,0,0,Use suggest_C_if_uncertain ONLY when center is visually ambiguous between C1/C2; always confirm on imagery.,0.28999999165534973,0.7099999785423279,0.0,2,"{""type"":""Point"",""coordinates"":[118.56301988040991,31.826906274476784]}"
00000000000000000018,1514.8210839247918,2,2,2,2,2,2,2,2,2,2,BAMS150,9773,25,2,40,40,40,10,40,40,10,40,40,2,40,0,0,0,31.797261870100847,119.02655056701556,0.38000000000000006,0,0,9,8,0,0,Use suggest_C_if_uncertain ONLY when center is visually ambiguous between C1/C2; always confirm on imagery.,0.28999999165534973,0.6700000166893005,0.03999999910593033,2,"{""type"":""Point"",""coordinates"":[119.02655056701558,31.797261870100847]}"
00000000000000000077,956.7280042100077,2,2,2,2,2,2,2,2,2,2,BAMS150,6389,120,2,60,60,60,60,60,60,60,60,60,2,60,0,0,0,31.33624646629071,118.84446205892452,0.4033333333333334,0,0,9,8,0,0,Use suggest_C_if_uncertain ONLY when center is visually ambiguous between C1/C2; always confirm on imagery.,0.28999999165534973,0.6933333333333334,0.016666666666666666,2,"{""type"":""Point"",""coordinates"":[118.84446205892455,31.33624646629071]}"
00000000000000000083,933.6019219068036,1,1,2,1,2,2,2,2,2,2,BAMS150,7007,132,2,50,50,10,50,40,10,10,40,40,2,40,1,1,0,32.245700859933315,118.84392306975408,0.4066666666666667,3,3,6,5,0,0,Use suggest_C_if_uncertain ONLY when center is visually ambiguous between C1/C2; always confirm on imagery.,0.2966666666666667,0.7033333333333334,0.0,1,"{""type"":""Point"",""coordinates"":[118.8439230697541,32.245700859933315]}"
00000000000000000010,1633.4556867517467,2,2,2,2,2,2,2,2,2,2,BAMS150,8200,17,2,30,60,60,30,60,30,30,30,30,2,60,0,0,0,31.53962504661537,118.9968163311112,0.3933333333333333,0,0,9,8,0,0,Use suggest_C_if_uncertain ONLY when center is visually ambiguous between C1/C2; always confirm on imagery.,0.30333333333333334,0.6966666666666667,0.0,2,"{""type"":""Point"",""coordinates"":[118.99681633111122,31.539625046615377]}"
0000000000000000003e,1153.6838848098828,2,2,2,2,2,2,2,2,2,2,BAMS150,9241,63,2,30,30,30,30,30,30,30,30,30,2,30,0,0,0,31.945753386565805,118.98648570534384,0.3933333333333333,0,0,9,8,0,0,Use suggest_C_if_uncertain ONLY when center is visually ambiguous between C1/C2; always confirm on imagery.,0.30333333333333334,0.6966666666666667,0.0,2,"{""type"":""Point"",""coordinates"":[118.98648570534385,31.945753386565805]}"
00000000000000000048,1121.7315005293376,2,2,2,2,2,2,2,2,2,2,BAMS150,6467,73,2,60,60,60,60,60,60,60,60,60,2,60,0,0,0,31.940722820974734,118.58386079500148,0.3933333333333333,0,0,9,8,0,0,Use suggest_C_if_uncertain ONLY when center is visually ambiguous between C1/C2; always confirm on imagery.,0.30333333333333334,0.6966666666666667,0.0,2,"{""type"":""Point"",""coordinates"":[118.58386079500153,31.940722820974738]}"
00000000000000000025,1301.7647376905454,2,2,2,2,2,2,2,2,2,2,BAMS150,6891,38,2,60,60,60,60,60,60,60,60,60,2,60,0,0,0,32.50513431398703,118.68689755808998,0.3866666666666667,0,0,9,8,0,0,Use suggest_C_if_uncertain ONLY when center is visually ambiguous between C1/C2; always confirm on imagery.,0.30666666666666664,0.6933333333333334,0.0,2,"{""type"":""Point"",""coordinates"":[118.68689755809001,32.50513431398703]}"
00000000000000000034,1218.6829990679237,2,2,2,2,2,2,2,2,2,2,BAMS150,5721,53,2,60,60,60,60,60,60,60,60,60,2,60,0,0,0,31.96165356709472,118.88416759448262,0.3866666666666667,0,0,9,8,0,0,Use suggest_C_if_uncertain ONLY when center is visually ambiguous between C1/C2; always confirm on imagery.,0.30666666666666664,0.6933333333333334,0.0,2,"{""type"":""Point"",""coordinates"":[118.88416759448262,31.961653567094725]}"
00000000000000000027,1285.4810006671735,2,2,2,2,2,2,2,2,2,2,BAMS150,5090,40,2,60,60,60,60,40,40,60,40,40,2,40,0,0,0,31.88646457781392,118.5810760176207,0.35333333333333333,0,0,9,8,0,0,Use suggest_C_if_uncertain ONLY when center is visually ambiguous between C1/C2; always confirm on imagery.,0.3100000023841858,0.6633333333333333,0.02666666666666667,2,"{""type"":""Point"",""coordinates"":[118.58107601762072,31.88646457781392]}"
00000000000000000007,2123.139444583813,2,2,2,2,2,2,2,2,2,2,BAMS150,6813,8,2,40,40,40,40,40,30,40,30,30,2,40,0,0,0,32.1922511005282,118.83997048250394,0.3666666666666667,0,0,9,8,0,0,Use suggest_C_if_uncertain ONLY when center is visually ambiguous between C1/C2; always confirm on imagery.,0.31666666666666665,0.6833333333333333,0.0,2,"{""type"":""Point"",""coordinates"":[118.83997048250396,32.1922511005282]}"
00000000000000000028,1276.9563648485482,2,2,2,2,2,2,2,2,2,2,BAMS150,9406,41,2,40,40,40,40,40,40,40,40,40,2,40,0,0,0,32.04456806781895,118.64701235947508,0.3666666666666667,0,0,9,8,0,0,Use suggest_C_if_uncertain ONLY when center is visually ambiguous between C1/C2; always confirm on imagery.,0.31666666666666665,0.6833333333333333,0.0,2,"{""type"":""Point"",""coordinates"":[118.64701235947508,32.04456806781896]}"
0000000000000000006f,972.8884930391396,1,2,2,2,2,2,2,2,1,2,BAMS150,6691,112,2,50,30,30,60,30,30,60,60,50,2,30,1,1,0,32.331040811924666,118.85335538023732,0.3666666666666667,2,2,7,6,0,0,Use suggest_C_if_uncertain ONLY when center is visually ambiguous between C1/C2; always confirm on imagery.,0.31666666666666665,0.6833333333333333,0.0,1,"{""type"":""Point"",""coordinates"":[118.85335538023732,32.33104081192466]}"
00000000000000000005,2392.372427227403,2,2,2,2,2,2,2,2,2,2,BAMS150,9032,6,2,60,60,60,60,60,60,60,60,60,2,60,0,0,0,31.812173903817232,118.55816897787564,0.36000000000000004,0,0,9,8,0,0,Use suggest_C_if_uncertain ONLY when center is visually ambiguous between C1/C2; always confirm on imagery.,0.3199999928474426,0.6800000071525574,0.0,2,"{""type"":""Point"",""coordinates"":[118.55816897787567,31.812173903817243]}"
0000000000000000000f,1652.610921100384,2,2,2,2,2,2,2,2,2,2,BAMS150,9339,16,2,30,30,60,60,60,60,60,30,30,2,60,0,0,0,31.97683509539634,118.77852571707017,0.36000000000000004,0,0,9,8,0,0,Use suggest_C_if_uncertain ONLY when center is visually ambiguous between C1/C2; always confirm on imagery.,0.3199999928474426,0.6800000071525574,0.0,2,"{""type"":""Point"",""coordinates"":[118.77852571707018,31.976835095396343]}"
00000000000000000040,1150.7807133625686,2,2,2,2,2,2,2,2,2,2,BAMS150,7097,65,2,60,60,60,60,60,60,60,60,60,2,60,0,0,0,31.892483290217516,118.79855814790604,0.36000000000000004,0,0,9,8,0,0,Use suggest_C_if_uncertain ONLY when center is visually ambiguous between C1/C2; always confirm on imagery.,0.3199999928474426,0.6800000071525574,0.0,2,"{""type"":""Point"",""coordinates"":[118.79855814790604,31.892483290217513]}"
00000000000000000019,1508.7683116573212,1,1,2,2,2,2,2,2,2,2,BAMS150,9678,26,2,50,50,10,60,60,40,60,40,40,2,60,1,1,0,31.74533924667874,118.65869045816862,0.35333333333333333,2,2,7,6,0,0,Use suggest_C_if_uncertain ONLY when center is visually ambiguous between C1/C2; always confirm on imagery.,0.3233333333333333,0.6766666666666666,0.0,1,"{""type"":""Point"",""coordinates"":[118.65869045816864,31.74533924667874]}"
0000000000000000007e,941.9165109751551,2,2,2,2,2,2,2,2,2,2,BAMS150,7644,127,2,10,10,10,10,10,10,10,10,10,2,10,0,0,0,31.89481890995623,118.90482884601737,0.3466666666666667,0,0,9,8,0,0,Use suggest_C_if_uncertain ONLY when center is visually ambiguous between C1/C2; always confirm on imagery.,0.32666666666666666,0.6733333333333333,0.0,2,"{""type"":""Point"",""coordinates"":[118.90482884601735,31.89481890995623]}"
0000000000000000001b,1445.4257946799287,1,2,2,1,2,2,1,1,2,2,BAMS150,8328,28,2,50,10,30,50,30,30,50,50,30,2,30,1,1,0,31.36328575634271,118.93824617458662,0.3400000035762787,4,4,5,4,0,0,Use suggest_C_if_uncertain ONLY when center is visually ambiguous between C1/C2; always confirm on imagery.,0.33000001311302185,0.6700000166893005,0.0,1,"{""type"":""Point"",""coordinates"":[118.93824617458662,31.363285756342712]}"
0000000000000000003f,1152.448021705723,2,2,2,2,2,2,2,2,2,2,BAMS150,6402,64,2,10,10,40,10,10,40,10,40,40,2,10,0,0,0,31.88466794724568,118.67629743773736,0.3333333333333333,0,0,9,8,0,0,Use suggest_C_if_uncertain ONLY when center is visually ambiguous between C1/C2; always confirm on imagery.,0.33000001311302185,0.6633333333333333,0.006666666666666667,2,"{""type"":""Point"",""coordinates"":[118.67629743773736,31.884667947245685]}"
00000000000000000021,1374.041758596165,2,2,2,2,2,2,2,2,2,2,BAMS150,8083,34,2,10,10,10,60,40,40,40,40,40,2,40,0,0,0,31.302829137721464,119.07380195096026,0.3333333333333333,0,0,9,8,0,0,Use suggest_C_if_uncertain ONLY when center is visually ambiguous between C1/C2; always confirm on imagery.,0.3333333333333333,0.6666666666666666,0.0,2,"{""type"":""Point"",""coordinates"":[119.07380195096027,31.30282913772146]}"
00000000000000000031,1227.81149929323,2,2,2,2,2,2,1,1,1,2,BAMS150,6159,50,2,30,30,30,30,30,30,50,50,50,2,30,1,1,0,31.983392796970413,118.53112968782364,0.32666666666666666,3,3,6,5,0,0,Use suggest_C_if_uncertain ONLY when center is visually ambiguous between C1/C2; always confirm on imagery.,0.33666666666666667,0.6633333333333333,0.0,1,"{""type"":""Point"",""coordinates"":[118.53112968782364,31.983392796970413]}"
00000000000000000002,3076.9683277898976,2,2,2,2,2,2,2,2,2,2,BAMS150,6276,3,2,60,30,30,60,30,30,60,60,60,2,30,0,0,0,31.86912709283041,118.81005658354276,0.3199999928474426,0,0,9,8,0,0,Use suggest_C_if_uncertain ONLY when center is visually ambiguous between C1/C2; always confirm on imagery.,0.3400000035762787,0.6600000262260437,0.0,2,"{""type"":""Point"",""coordinates"":[118.81005658354276,31.869127092830407]}"
00000000000000000032,1225.5541831011024,2,2,1,2,1,1,2,1,1,2,BAMS150,6631,51,2,40,40,50,40,50,50,40,50,50,1,50,1,1,0,32.49552234044695,118.73567607801766,0.3199999928474426,5,4,4,4,0,0,Use suggest_C_if_uncertain ONLY when center is visually ambiguous between C1/C2; always confirm on imagery.,0.3400000035762787,0.6600000262260437,0.0,1,"{""type"":""Point"",""coordinates"":[118.73567607801765,32.49552234044695]}"
0000000000000000006b,989.7836366029074,2,2,2,2,2,2,2,2,2,2,BAMS150,8049,108,2,40,60,30,60,60,60,60,60,60,2,60,0,0,0,31.376401159490857,118.95423618664394,0.3199999928474426,0,0,9,8,0,0,Use suggest_C_if_uncertain ONLY when center is visually ambiguous between C1/C2; always confirm on imagery.,0.3400000035762787,0.6600000262260437,0.0,2,"{""type"":""Point"",""coordinates"":[118.95423618664394,31.37640115949085]}"
0000000000000000007a,949.5885077656953,2,2,2,2,2,2,2,2,2,2,BAMS150,8265,123,2,10,30,10,30,30,30,30,30,30,2,30,0,0,0,31.546452242774677,119.13318059124056,0.3199999928474426,0,0,9,8,0,0,Use suggest_C_if_uncertain ONLY when center is visually ambiguous between C1/C2; always confirm on imagery.,0.3400000035762787,0.6600000262260437,0.0,2,"{""type"":""Point"",""coordinates"":[119.13318059124056,31.546452242774677]}"
00000000000000000003,2535.791877298329,2,2,1,2,1,1,1,1,1,2,BAMS150,7873,4,2,30,30,50,60,50,50,50,50,50,1,50,1,1,0,31.66368238735227,119.05960856947117,0.3133333333333333,6,5,3,3,0,0,Use suggest_C_if_uncertain ONLY when center is visually ambiguous between C1/C2; always confirm on imagery.,0.3433333333333333,0.6566666666666666,0.0,1,"{""type"":""Point"",""coordinates"":[119.05960856947117,31.663682387352264]}"
0000000000000000000c,1758.9015409146775,1,1,1,2,1,1,2,1,1,2,BAMS150,6442,13,2,50,50,50,30,50,50,10,50,50,1,50,1,1,0,31.95293990883876,118.9343834188649,0.3133333333333333,7,6,2,2,0,0,Use suggest_C_if_uncertain ONLY when center is visually ambiguous between C1/C2; always confirm on imagery.,0.3433333333333333,0.6566666666666666,0.0,1,"{""type"":""Point"",""coordinates"":[118.93438341886488,31.952939908838765]}"
00000000000000000009,2006.8440793470936,2,2,2,2,2,2,2,2,2,2,BAMS150,7450,10,2,10,10,10,10,10,10,60,60,60,2,10,0,0,0,31.97854189443617,118.5563723473074,0.30666666666666664,0,0,9,8,0,0,Use suggest_C_if_uncertain ONLY when center is visually ambiguous between C1/C2; always confirm on imagery.,0.3466666666666667,0.6533333333333333,0.0,2,"{""type"":""Point"",""coordinates"":[118.5563723473074,31.97854189443617]}"
00000000000000000037,1173.7343741933237,2,2,2,2,2,2,2,2,2,2,BAMS150,5140,56,2,30,30,30,30,30,30,30,30,30,2,30,0,0,0,32.131704650378545,118.57703359884216,0.30333333333333334,0,0,9,8,0,0,Use suggest_C_if_uncertain ONLY when center is visually ambiguous between C1/C2; always confirm on imagery.,0.3466666666666667,0.6499999761581421,0.0033333333333333335,2,"{""type"":""Point"",""coordinates"":[118.57703359884216,32.131704650378545]}"
0000000000000000003d,1153.8799759994374,2,2,2,2,2,2,2,2,2,2,BAMS150,5445,62,2,60,30,30,60,30,30,60,60,30,2,30,0,0,0,32.21866156988131,119.06984936371012,0.30666666666666664,0,0,9,8,0,0,Use suggest_C_if_uncertain ONLY when center is visually ambiguous between C1/C2; always confirm on imagery.,0.3466666666666667,0.6533333333333333,0.0,2,"{""type"":""Point"",""coordinates"":[119.06984936371013,32.218661569881306]}"
00000000000000000012,1594.8411248611717,2,2,2,2,2,2,2,2,2,2,BAMS150,9240,19,2,60,60,60,60,60,60,60,60,60,2,60,0,0,0,32.06226487891611,118.5923049586722,0.29333333333333333,0,0,9,8,0,0,Use suggest_C_if_uncertain ONLY when center is visually ambiguous between C1/C2; always confirm on imagery.,0.3499999940395355,0.6433333333333333,0.006666666666666667,2,"{""type"":""Point"",""coordinates"":[118.59230495867222,32.06226487891612]}"
00000000000000000091,909.2037569454541,2,2,2,2,2,2,2,2,2,2,BAMS150,6602,146,2,40,40,40,30,40,40,40,40,40,2,40,0,0,0,32.01456433732936,118.68240598166938,0.30000000000000004,0,0,9,8,0,0,Use suggest_C_if_uncertain ONLY when center is visually ambiguous between C1/C2; always confirm on imagery.,0.3499999940395355,0.6499999761581421,0.0,2,"{""type"":""Point"",""coordinates"":[118.68240598166942,32.01456433732936]}"
00000000000000000041,1146.4469788117842,2,2,3,2,2,3,2,2,3,2,BAMS150,6777,66,2,30,30,80,30,30,80,30,30,80,2,30,0,0,1,32.277860547104794,118.85712830443065,0.28999999165534973,0,0,6,5,3,3,Use suggest_C_if_uncertain ONLY when center is visually ambiguous between C1/C2; always confirm on imagery.,0.35333333333333333,0.6433333333333333,0.0033333333333333335,2,"{""type"":""Point"",""coordinates"":[118.85712830443063,32.277860547104794]}"
00000000000000000008,2059.099581922459,1,2,2,1,2,2,2,2,2,2,BAMS150,7567,9,2,50,60,60,50,60,60,60,60,60,2,60,1,1,0,32.199886780443215,118.67180586131676,0.2866666666666666,2,2,7,6,0,0,Use suggest_C_if_uncertain ONLY when center is visually ambiguous between C1/C2; always confirm on imagery.,0.3566666666666667,0.6433333333333333,0.0,1,"{""type"":""Point"",""coordinates"":[118.67180586131676,32.199886780443215]}"
0000000000000000007c,948.5141750484172,2,1,1,2,1,1,1,1,1,2,BAMS150,9750,125,2,10,50,50,10,50,50,50,50,50,1,50,1,1,0,31.73608659925231,119.0305929857941,0.2766666666666666,7,6,2,2,0,0,Use suggest_C_if_uncertain ONLY when center is visually ambiguous between C1/C2; always confirm on imagery.,0.3566666666666667,0.6333333333333333,0.009999999776482582,1,"{""type"":""Point"",""coordinates"":[119.03059298579412,31.736086599252314]}"
00000000000000000081,936.8319477886641,1,1,1,2,2,2,2,1,1,2,BAMS150,5255,130,2,50,50,50,30,30,30,30,50,50,2,30,1,1,0,31.97396048648716,118.76801542824596,0.2866666666666666,5,5,4,3,0,0,Use suggest_C_if_uncertain ONLY when center is visually ambiguous between C1/C2; always confirm on imagery.,0.3566666666666667,0.6433333333333333,0.0,1,"{""type"":""Point"",""coordinates"":[118.76801542824597,31.97396048648716]}"
00000000000000000074,965.1594814980039,2,2,1,2,2,1,2,1,1,2,BAMS150,5812,117,2,10,10,50,10,10,50,10,50,50,2,10,1,1,0,32.30633714161138,118.76118823208668,0.2800000011920929,4,4,5,4,0,0,Use suggest_C_if_uncertain ONLY when center is visually ambiguous between C1/C2; always confirm on imagery.,0.36000001430511475,0.6399999856948853,0.0,1,"{""type"":""Point"",""coordinates"":[118.76118823208668,32.30633714161138]}"
00000000000000000020,1379.027797345293,2,2,2,2,2,2,2,2,2,2,BAMS150,8466,33,2,30,40,40,40,40,40,40,40,40,2,40,0,0,0,32.157755793618016,118.58026753386498,0.26666666666666666,0,0,9,8,0,0,Use suggest_C_if_uncertain ONLY when center is visually ambiguous between C1/C2; always confirm on imagery.,0.36666666666666664,0.6333333333333333,0.0,2,"{""type"":""Point"",""coordinates"":[118.58026753386497,32.157755793618016]}"
00000000000000000092,907.2160976132068,2,2,1,2,2,1,2,2,1,2,BAMS150,8628,147,2,10,10,50,10,10,50,30,30,50,2,10,1,1,0,32.00486253226087,118.92441211921118,0.26000000000000006,3,3,6,5,0,0,Use suggest_C_if_uncertain ONLY when center is visually ambiguous between C1/C2; always confirm on imagery.,0.36666666666666664,0.6266666666666667,0.006666666666666667,1,"{""type"":""Point"",""coordinates"":[118.92441211921118,32.00486253226087]}"
0000000000000000000e,1653.3138058782733,1,1,1,2,1,1,2,1,1,2,BAMS150,9505,15,2,50,50,50,10,50,50,10,50,50,1,50,1,1,0,32.055168188171564,118.93878516375707,0.24666666666666665,7,6,2,2,0,0,Use suggest_C_if_uncertain ONLY when center is visually ambiguous between C1/C2; always confirm on imagery.,0.37666666666666665,0.6233333333333333,0.0,1,"{""type"":""Point"",""coordinates"":[118.93878516375707,32.05516818817157]}"
0000000000000000001d,1406.3406250043874,2,2,2,2,2,2,2,2,2,2,BAMS150,9205,30,2,60,60,60,60,60,60,30,60,60,2,60,0,0,0,31.641673662891343,119.05197288955615,0.23333333333333334,0,0,9,8,0,0,Use suggest_C_if_uncertain ONLY when center is visually ambiguous between C1/C2; always confirm on imagery.,0.38333333333333336,0.6166666666666667,0.0,2,"{""type"":""Point"",""coordinates"":[119.05197288955614,31.64167366289135]}"
00000000000000000035,1207.0332401799183,2,2,2,2,2,1,2,2,1,2,BAMS150,9424,54,2,40,10,10,40,10,50,10,10,50,2,10,1,1,0,31.41143545557151,118.91462048261428,0.23333333333333334,2,2,7,6,0,0,Use suggest_C_if_uncertain ONLY when center is visually ambiguous between C1/C2; always confirm on imagery.,0.38333333333333336,0.6166666666666667,0.0,1,"{""type"":""Point"",""coordinates"":[118.9146204826143,31.411435455571514]}"
0000000000000000003c,1154.1265733436267,2,2,2,2,2,1,2,2,1,2,BAMS150,9477,61,2,40,40,40,40,40,50,40,40,50,2,40,1,1,0,31.659370473988503,118.95675146943948,0.23333333333333334,2,2,7,6,0,0,Use suggest_C_if_uncertain ONLY when center is visually ambiguous between C1/C2; always confirm on imagery.,0.38333333333333336,0.6166666666666667,0.0,1,"{""type"":""Point"",""coordinates"":[118.95675146943947,31.659370473988503]}"
00000000000000000000,5440.850975559567,2,2,1,2,1,1,1,1,1,2,BAMS150,6972,1,2,60,60,50,60,50,50,50,50,50,1,50,1,1,0,31.81100609394788,118.55295874922776,0.22666666666666663,6,5,3,3,0,0,Use suggest_C_if_uncertain ONLY when center is visually ambiguous between C1/C2; always confirm on imagery.,0.38666666666666666,0.6133333333333333,0.0,1,"{""type"":""Point"",""coordinates"":[118.5529587492278,31.81100609394789]}"
00000000000000000053,1089.0077756769542,2,2,2,2,2,2,2,2,2,2,BAMS150,5775,84,2,30,60,60,60,60,60,60,60,60,2,60,0,0,0,31.826007959192673,118.56310971193832,0.15333333333333332,0,0,9,8,0,0,Use suggest_C_if_uncertain ONLY when center is visually ambiguous between C1/C2; always confirm on imagery.,0.42333333333333334,0.5766666666666667,0.0,2,"{""type"":""Point"",""coordinates"":[118.56310971193832,31.826007959192673]}"
00000000000000000093,905.3364525174852,3,3,3,3,3,3,2,2,2,3,BAMS150,11303,148,3,80,80,80,80,80,80,10,10,10,3,80,0,0,1,32.01672029401125,118.64171229929876,0.3799999952316284,0,0,3,3,6,5,Use suggest_C_if_uncertain ONLY when center is visually ambiguous between C1/C2; always confirm on imagery.,0.05999999865889549,0.2800000011920929,0.6600000262260437,2,"{""type"":""Point"",""coordinates"":[118.64171229929877,32.01672029401125]}"
00000000000000000068,1005.2479961331676,3,3,2,3,3,2,3,2,2,3,BAMS150,11775,105,3,80,80,40,80,80,40,80,40,40,3,80,0,0,1,31.3602314843767,119.10380568144984,0.3499999940395355,0,0,4,4,5,4,Use suggest_C_if_uncertain ONLY when center is visually ambiguous between C1/C2; always confirm on imagery.,0.08333333333333333,0.2833333333333333,0.6333333333333333,2,"{""type"":""Point"",""coordinates"":[119.10380568144984,31.360231484376705]}"
0000000000000000008c,919.6547358546765,2,2,3,3,3,3,3,3,3,3,BAMS150,13425,141,3,10,10,80,80,80,80,80,80,80,3,80,0,0,1,32.05346138913173,118.71681145705116,0.36333333333333334,0,0,2,2,7,6,Use suggest_C_if_uncertain ONLY when center is visually ambiguous between C1/C2; always confirm on imagery.,0.08333333333333333,0.27666666666666667,0.6399999856948853,2,"{""type"":""Point"",""coordinates"":[118.71681145705118,32.05346138913174]}"
00000000000000000054,1083.9971951185037,3,3,2,3,2,2,2,2,2,3,BAMS150,11081,85,3,80,80,10,80,10,10,10,10,10,2,10,0,0,1,31.975846948583808,118.46195941094643,0.42666666666666664,0,0,6,5,3,3,Use suggest_C_if_uncertain ONLY when center is visually ambiguous between C1/C2; always confirm on imagery.,0.09333333333333334,0.23999999463558197,0.6666666666666666,2,"{""type"":""Point"",""coordinates"":[118.46195941094643,31.975846948583808]}"
0000000000000000005c,1042.617076353243,3,3,3,2,3,3,3,3,3,3,BAMS150,11928,93,3,80,80,80,30,80,80,80,80,80,3,80,0,0,1,32.08373461420656,118.6721651874304,0.5099999904632568,0,0,1,1,8,7,Use suggest_C_if_uncertain ONLY when center is visually ambiguous between C1/C2; always confirm on imagery.,0.09666666666666666,0.19666666666666666,0.7066666666666667,2,"{""type"":""Point"",""coordinates"":[118.67216518743042,32.08373461420657]}"
00000000000000000080,939.7943101993447,3,3,3,3,3,3,2,2,2,3,BAMS150,11832,129,3,80,80,80,80,80,80,30,10,10,3,80,0,0,1,31.91592931913304,118.42306235914408,0.49000000953674316,0,0,3,3,6,5,Use suggest_C_if_uncertain ONLY when center is visually ambiguous between C1/C2; always confirm on imagery.,0.10333333333333333,0.20333333333333334,0.6933333333333334,2,"{""type"":""Point"",""coordinates"":[118.4230623591441,31.915929319133035]}"
00000000000000000023,1341.881484143907,2,2,2,2,2,2,2,3,3,3,BAMS150,11670,36,3,60,60,30,60,60,60,60,80,80,2,60,0,0,1,32.494354530577596,118.94049196279693,0.5199999999999999,0,0,7,6,2,2,Use suggest_C_if_uncertain ONLY when center is visually ambiguous between C1/C2; always confirm on imagery.,0.17000000178813934,0.14000000059604645,0.6899999976158142,2,"{""type"":""Point"",""coordinates"":[118.94049196279691,32.494354530577596]}"
00000000000000000038,1169.4290604935584,2,3,2,2,3,2,3,3,2,3,BAMS150,13529,57,3,40,80,60,40,80,60,80,80,60,3,80,0,0,1,31.51815531132491,119.01792674028802,0.45999999999999996,0,0,5,5,4,3,Use suggest_C_if_uncertain ONLY when center is visually ambiguous between C1/C2; always confirm on imagery.,0.19333333333333333,0.15333333333333332,0.6533333333333333,2,"{""type"":""Point"",""coordinates"":[119.01792674028802,31.518155311324904]}"
0000000000000000007b,949.0819991245148,3,3,3,3,3,3,2,3,3,3,BAMS150,10624,124,3,80,80,80,80,80,80,60,80,80,3,80,0,0,1,31.24282167674228,118.77672908650192,0.41999998688697815,0,0,1,1,8,7,Use suggest_C_if_uncertain ONLY when center is visually ambiguous between C1/C2; always confirm on imagery.,0.24333333333333335,0.09333333333333334,0.6633333333333333,2,"{""type"":""Point"",""coordinates"":[118.77672908650192,31.24282167674228]}"
00000000000000000089,927.9524297079047,3,3,2,3,3,2,3,2,2,3,BAMS150,13112,138,3,80,80,30,80,80,30,80,30,30,3,80,0,0,1,32.047532508256545,118.6570734906572,0.4399999976158142,0,0,4,4,5,4,Use suggest_C_if_uncertain ONLY when center is visually ambiguous between C1/C2; always confirm on imagery.,0.24333333333333335,0.07333333333333333,0.6833333333333333,2,"{""type"":""Point"",""coordinates"":[118.6570734906572,32.047532508256545]}"
0000000000000000004a,1110.4763843534108,3,3,3,3,3,2,3,3,2,3,BAMS150,11134,75,3,80,80,80,80,80,10,80,80,10,3,80,0,0,1,31.92491247197423,118.88264045849962,0.3799999952316284,0,0,2,2,7,6,Use suggest_C_if_uncertain ONLY when center is visually ambiguous between C1/C2; always confirm on imagery.,0.25999999046325684,0.10000000149011612,0.6399999856948853,2,"{""type"":""Point"",""coordinates"":[118.88264045849965,31.924912471974235]}"
00000000000000000022,1351.0061858961958,3,3,2,3,3,2,3,2,2,3,BAMS150,12430,35,3,80,80,30,80,80,30,80,60,30,3,80,0,0,1,32.047352845199725,118.59940164941672,0.3933333333333333,0,0,4,4,5,4,Use suggest_C_if_uncertain ONLY when center is visually ambiguous between C1/C2; always confirm on imagery.,0.2633333333333333,0.07999999821186066,0.6566666666666666,2,"{""type"":""Point"",""coordinates"":[118.59940164941672,32.04735284519973]}"
00000000000000000029,1270.1066528759252,1,1,1,3,3,1,3,3,2,3,BAMS150,10207,42,3,50,50,50,80,80,50,80,80,60,3,80,1,1,1,32.20186307406828,118.58961001281985,0.44000000000000006,4,4,1,1,4,3,Use suggest_C_if_uncertain ONLY when center is visually ambiguous between C1/C2; always confirm on imagery.,0.2733333333333333,0.013333333333333334,0.7133333333333334,1,"{""type"":""Point"",""coordinates"":[118.58961001281986,32.201863074068285]}"
0000000000000000003a,1165.840924408748,3,3,3,3,3,3,2,2,3,3,BAMS150,14192,59,3,80,80,80,80,80,80,10,10,80,3,80,0,0,1,31.294295142522326,118.84140778695853,0.3833333333333333,0,0,2,2,7,6,Use suggest_C_if_uncertain ONLY when center is visually ambiguous between C1/C2; always confirm on imagery.,0.2833333333333333,0.05000000074505806,0.6666666666666666,2,"{""type"":""Point"",""coordinates"":[118.84140778695857,31.294295142522326]}"
0000000000000000002c,1246.856700494728,3,3,1,3,3,1,3,1,1,3,BAMS150,10471,45,3,80,80,50,80,80,50,80,50,50,3,80,1,1,1,32.0569648187398,118.6239256566732,0.4099999964237213,4,4,0,0,5,4,Use suggest_C_if_uncertain ONLY when center is visually ambiguous between C1/C2; always confirm on imagery.,0.2866666666666667,0.016666666666666666,0.6966666666666667,1,"{""type"":""Point"",""coordinates"":[118.6239256566732,32.0569648187398]}"
00000000000000000076,957.9020896590756,1,3,3,2,3,3,2,3,3,3,BAMS150,14565,119,3,50,80,80,30,80,80,30,80,80,3,80,1,1,1,31.90928178603055,118.7231894955684,0.36999999999999994,1,1,2,2,6,5,Use suggest_C_if_uncertain ONLY when center is visually ambiguous between C1/C2; always confirm on imagery.,0.2966666666666667,0.03666666666666667,0.6666666666666666,1,"{""type"":""Point"",""coordinates"":[118.72318949556842,31.909281786030554]}"
00000000000000000078,950.8713986146128,2,2,3,2,3,3,2,2,3,3,BAMS150,10576,121,3,60,60,80,10,80,80,10,30,80,3,80,0,0,1,32.04771217131337,118.64234111999764,0.3533333333333334,0,0,5,5,4,3,Use suggest_C_if_uncertain ONLY when center is visually ambiguous between C1/C2; always confirm on imagery.,0.31666666666666665,0.013333333333333334,0.6700000166893005,2,"{""type"":""Point"",""coordinates"":[118.64234111999767,32.04771217131337]}"
