system:index,B11,B12,B2,B3,B4,B8,Class,MNDWI,NDBI,NDVI,Original_ID,lat,lon,.geo,Pred_Class,Confidence
5775,3046.0,2760.5,2507.0,3004.0,3450.0,3601.5,2,-0.006942149,-0.08356525,0.02148479,5775,31.826007959192673,118.56310971193832,"{""geodesic"":false,""type"":""Point"",""coordinates"":[118.56310971193831,31.826007959192673]}",1,0.996
3830,2073.5,1561.5,754.0,985.0,998.3333333333334,2662.0,1,-0.3558934,-0.1242741,0.45451233,3830,31.373346887524846,119.19480501973116,"{""geodesic"":false,""type"":""Point"",""coordinates"":[119.19480501973115,31.373346887524846]}",2,0.99
7873,3469.0,3089.0,2670.0,3152.0,3484.0,3948.0,2,-0.047877964,-0.064581364,0.062432725,7873,31.66368238735227,119.05960856947117,"{""geodesic"":false,""type"":""Point"",""coordinates"":[119.05960856947117,31.663682387352274]}",1,0.988
1979,1869.5,1272.0,652.0,851.0,792.5,2541.0,1,-0.37437972,-0.1522503,0.5245238,1979,31.827984252817735,118.8314364873048,"{""geodesic"":false,""type"":""Point"",""coordinates"":[118.83143648730481,31.827984252817735]}",2,0.988
2563,2104.0,1596.0,732.5,935.5,950.5,2211.5,1,-0.38443822,-0.024910208,0.39879823,2563,32.07582943970631,118.66488883362904,"{""geodesic"":false,""type"":""Point"",""coordinates"":[118.66488883362905,32.07582943970631]}",2,0.986
4179,1908.0,1506.5,388.5,532.5,474.0,2514.5,1,-0.563614,-0.13713963,0.682784,4179,31.80193310957827,118.73783203469957,"{""geodesic"":false,""type"":""Point"",""coordinates"":[118.73783203469955,31.80193310957827]}",2,0.986
2322,2005.0,1607.0,626.0,871.0,932.0,2157.0,1,-0.39429763,-0.036520902,0.39656848,2322,32.519866684646594,118.95639214332584,"{""geodesic"":false,""type"":""Point"",""coordinates"":[118.95639214332583,32.519866684646594]}",2,0.986
7567,2759.5,2694.5,2159.0,2493.0,2729.0,2925.0,2,-0.050737742,-0.029114258,0.034665722,7567,32.199886780443215,118.67180586131676,"{""geodesic"":false,""type"":""Point"",""coordinates"":[118.67180586131677,32.199886780443215]}",1,0.984
1785,2366.5,1766.0,598.0,865.0,913.0,2423.0,1,-0.4646449,-0.011796638,0.45263788,1785,31.729528897678236,118.9367190386036,"{""geodesic"":false,""type"":""Point"",""coordinates"":[118.93671903860361,31.729528897678236]}",2,0.982
4496,2091.5,1634.5,589.0,794.5,842.0,2117.5,1,-0.44941095,-0.006177239,0.43098497,4496,32.39913311046093,119.00391302185577,"{""geodesic"":false,""type"":""Point"",""coordinates"":[119.00391302185575,32.39913311046093]}",2,0.982
2632,2387.0,1771.0,725.0,1056.0,1180.0,2643.0,1,-0.38658148,-0.050894633,0.38268375,2632,32.53028714194238,118.7683747543596,"{""geodesic"":false,""type"":""Point"",""coordinates"":[118.76837475435961,32.53028714194238]}",2,0.98
2823,2050.0,1568.0,640.0,896.0,841.0,2787.0,1,-0.39171758,-0.15236717,0.5363837,2823,31.616700497992824,118.94363606629132,"{""geodesic"":false,""type"":""Point"",""coordinates"":[118.94363606629133,31.616700497992824]}",2,0.98
3238,1951.0,1450.0,690.5,832.0,842.5,2800.5,1,-0.40208408,-0.17878565,0.53746915,3238,31.95114327827052,118.9314189784273,"{""geodesic"":false,""type"":""Point"",""coordinates"":[118.9314189784273,31.95114327827052]}",2,0.98
1832,2180.0,1715.0,766.0,1000.0,1164.0,2728.0,1,-0.3710692,-0.11165444,0.40184996,1832,32.217314096955135,119.19606266112892,"{""geodesic"":false,""type"":""Point"",""coordinates"":[119.19606266112892,32.217314096955135]}",2,0.978
3144,1856.0,1394.0,621.0,864.0,791.0,2706.5,1,-0.3647059,-0.18641096,0.5476769,3144,32.15137775510076,118.74259310570538,"{""geodesic"":false,""type"":""Point"",""coordinates"":[118.74259310570538,32.15137775510076]}",2,0.978
3208,2116.0,1756.0,743.5,1051.0,1010.5,2328.5,1,-0.3362804,-0.047811903,0.39472896,3208,31.93524309774161,118.91911205903487,"{""geodesic"":false,""type"":""Point"",""coordinates"":[118.91911205903487,31.93524309774161]}",2,0.978
2244,1890.0,1495.5,630.5,838.0,828.5,2790.5,1,-0.3856305,-0.19239397,0.5421387,2244,31.76564117209984,118.63793937510546,"{""geodesic"":false,""type"":""Point"",""coordinates"":[118.63793937510546,31.76564117209984]}",2,0.978
727,2096.0,1534.5,624.0,848.0,889.0,2270.0,1,-0.42391303,-0.039853413,0.43716365,727,31.95599418080477,118.97363979678092,"{""geodesic"":false,""type"":""Point"",""coordinates"":[118.97363979678093,31.95599418080477]}",2,0.978
4898,1703.0,1102.5,408.0,624.5,545.5,2659.5,1,-0.4633727,-0.21925502,0.65959436,4898,31.906317345592957,118.98711452604272,"{""geodesic"":false,""type"":""Point"",""coordinates"":[118.98711452604272,31.906317345592957]}",2,0.978
4658,2484.5,1905.5,653.0,942.0,1006.0,2649.5,1,-0.4501678,-0.032138683,0.4495965,4658,32.06927173813224,119.05071524815838,"{""geodesic"":false,""type"":""Point"",""coordinates"":[119.05071524815838,32.06927173813224]}",2,0.978
104,2162.0,1719.0,657.0,879.5,937.0,2372.5,1,-0.42166695,-0.046421878,0.4337513,104,32.3808973101933,118.99717565722486,"{""geodesic"":false,""type"":""Point"",""coordinates"":[118.99717565722486,32.3808973101933]}",2,0.978
3900,2190.0,1797.0,686.0,1096.0,1132.0,2997.0,1,-0.33292758,-0.15558127,0.45168322,3900,32.51196151014634,118.81733293734412,"{""geodesic"":false,""type"":""Point"",""coordinates"":[118.81733293734413,32.51196151014634]}",2,0.978
131,1910.5,1523.5,670.0,865.0,897.5,2161.0,1,-0.3766889,-0.061525237,0.413111,131,32.25441451818927,118.71501482648291,"{""geodesic"":false,""type"":""Point"",""coordinates"":[118.71501482648291,32.25441451818927]}",2,0.976
258,1499.0,934.0,414.0,588.0,432.0,2392.0,1,-0.43651173,-0.22950399,0.69405097,258,31.36346541939953,118.92099852113152,"{""geodesic"":false,""type"":""Point"",""coordinates"":[118.92099852113152,31.36346541939953]}",2,0.976
2545,2064.5,1626.5,704.0,871.0,912.0,2116.5,1,-0.4065747,-0.012437216,0.39772165,2545,31.916468308303507,118.65419888174804,"{""geodesic"":false,""type"":""Point"",""coordinates"":[118.65419888174803,31.916468308303507]}",2,0.976
4440,2002.5,1530.5,668.0,802.0,821.5,2659.0,1,-0.42806205,-0.1408345,0.5279414,4440,32.06082757446151,118.91938155362013,"{""geodesic"":false,""type"":""Point"",""coordinates"":[118.91938155362011,32.06082757446151]}",2,0.976
3740,1900.0,1462.0,756.0,1035.0,969.0,2736.0,1,-0.29471892,-0.18032786,0.47692308,3740,31.81522817578324,118.5743386529898,"{""geodesic"":false,""type"":""Point"",""coordinates"":[118.5743386529898,31.81522817578324]}",2,0.976
3411,2056.0,1538.0,614.0,854.0,819.0,2598.0,1,-0.41305843,-0.11645896,0.52063215,3411,32.48061030673057,118.65330056646393,"{""geodesic"":false,""type"":""Point"",""coordinates"":[118.65330056646391,32.48061030673057]}",2,0.976
1929,1855.0,1319.0,670.0,874.0,929.0,2388.0,1,-0.35947233,-0.12561867,0.43985528,1929,32.58724033095555,118.63802920663387,"{""geodesic"":false,""type"":""Point"",""coordinates"":[118.63802920663387,32.58724033095555]}",2,0.976
3109,1722.5,1277.0,766.0,1036.0,1108.0,2371.5,1,-0.24886714,-0.15852468,0.36312687,3109,32.18829851327808,118.67944154123178,"{""geodesic"":false,""type"":""Point"",""coordinates"":[118.67944154123178,32.18829851327808]}",2,0.976
3951,2083.0,1464.0,652.5,895.5,915.5,2151.5,1,-0.3986906,-0.016176645,0.40299967,3951,32.12326048670782,119.00831476674794,"{""geodesic"":false,""type"":""Point"",""coordinates"":[119.00831476674794,32.12326048670782]}",2,0.974
710,2229.0,1531.0,731.0,1016.0,997.0,2842.0,1,-0.37380585,-0.12088346,0.4805939,710,31.92572095572994,119.0508050796868,"{""geodesic"":false,""type"":""Point"",""coordinates"":[119.0508050796868,31.92572095572994]}",2,0.974
722,1533.0,1007.0,378.5,503.0,443.5,2453.5,1,-0.5058939,-0.2309043,0.6938212,722,31.94314827224186,118.85631982067493,"{""geodesic"":false,""type"":""Point"",""coordinates"":[118.85631982067491,31.94314827224186]}",2,0.974
3328,1891.0,1652.0,768.0,1007.0,1001.0,2234.0,1,-0.30503795,-0.08315151,0.38114375,3328,32.52687354386272,118.81014641507116,"{""geodesic"":false,""type"":""Point"",""coordinates"":[118.81014641507117,32.52687354386272]}",2,0.974
981,2331.5,1673.0,678.0,998.0,949.0,3081.0,1,-0.40051058,-0.13847575,0.52903223,981,31.89859183414953,118.44246596928106,"{""geodesic"":false,""type"":""Point"",""coordinates"":[118.44246596928106,31.89859183414953]}",2,0.974
1730,2067.0,1560.0,691.0,898.0,978.0,2198.0,1,-0.39426646,-0.030715123,0.38413098,1730,32.45276253292286,118.84473155350976,"{""geodesic"":false,""type"":""Point"",""coordinates"":[118.84473155350977,32.45276253292286]}",2,0.974
1740,2014.0,1625.0,641.5,920.5,949.0,2782.0,1,-0.37263587,-0.16013345,0.4912892,1740,32.32870519218596,118.92513077143848,"{""geodesic"":false,""type"":""Point"",""coordinates"":[118.92513077143848,32.32870519218596]}",2,0.974
4329,2255.5,1802.0,600.0,873.0,767.5,3260.5,1,-0.44190505,-0.18219724,0.6189176,4329,32.203030883937636,118.71016392394868,"{""geodesic"":false,""type"":""Point"",""coordinates"":[118.71016392394867,32.203030883937636]}",2,0.972
2877,2213.0,1640.5,626.5,909.0,931.5,2357.5,1,-0.41768098,-0.031615797,0.43356642,2877,32.04654436144401,118.88731169797704,"{""geodesic"":false,""type"":""Point"",""coordinates"":[118.88731169797704,32.04654436144401]}",2,0.972
1932,1982.0,1553.0,610.5,839.0,830.0,2189.5,1,-0.40517548,-0.0497423,0.4502401,1932,31.689104709892856,118.80682264851993,"{""geodesic"":false,""type"":""Point"",""coordinates"":[118.80682264851993,31.689104709892856]}",2,0.972
17,1914.0,1319.0,586.0,822.0,765.0,2512.0,1,-0.3991228,-0.1351107,0.53310955,17,32.23366343512611,119.13407890652468,"{""geodesic"":false,""type"":""Point"",""coordinates"":[119.13407890652468,32.23366343512611]}",2,0.972
75,1934.0,1587.5,996.5,1230.0,1320.0,1981.5,1,-0.22250316,-0.012131273,0.20036347,75,31.634756635203622,118.89449822025,"{""geodesic"":false,""type"":""Point"",""coordinates"":[118.89449822025,31.634756635203626]}",2,0.972
1472,1992.0,1416.5,594.0,853.5,819.5,2702.5,1,-0.40010542,-0.15134732,0.5346394,1472,32.356552965993664,118.93411392427969,"{""geodesic"":false,""type"":""Point"",""coordinates"":[118.93411392427967,32.356552965993664]}",2,0.972
472,2014.5,1725.5,646.5,830.5,836.5,2230.0,1,-0.41616872,-0.050771587,0.45442688,472,31.341456694938604,118.92414262462594,"{""geodesic"":false,""type"":""Point"",""coordinates"":[118.92414262462594,31.341456694938604]}",2,0.972
1955,2105.0,1516.0,761.0,857.0,935.0,2357.0,1,-0.42133695,-0.056476917,0.43195626,1955,32.48213744271357,118.65428871327644,"{""geodesic"":false,""type"":""Point"",""coordinates"":[118.65428871327644,32.48213744271357]}",2,0.97
4596,1920.0,1564.5,702.0,846.0,982.5,2108.5,1,-0.38828632,-0.04679161,0.3642834,4596,32.09532288137171,118.79361741384338,"{""geodesic"":false,""type"":""Point"",""coordinates"":[118.79361741384338,32.09532288137171]}",2,0.968
4240,2184.5,1733.0,624.5,909.5,1004.0,2361.0,1,-0.41208792,-0.038829613,0.40326893,4240,31.885386599472973,118.62428498278685,"{""geodesic"":false,""type"":""Point"",""coordinates"":[118.62428498278685,31.885386599472973]}",2,0.968
1852,1809.5,1214.0,644.5,861.0,939.5,2231.0,1,-0.35517693,-0.104318775,0.407349,1852,32.03531542039252,118.53139918240888,"{""geodesic"":false,""type"":""Point"",""coordinates"":[118.53139918240889,32.03531542039252]}",2,0.968
1502,2123.0,1470.5,694.5,961.5,933.5,2635.5,1,-0.3765602,-0.10770201,0.47688428,1502,32.26564345924076,118.97372962830934,"{""geodesic"":false,""type"":""Point"",""coordinates"":[118.97372962830934,32.26564345924076]}",2,0.968
1268,2469.0,1784.5,750.5,1031.5,1180.0,2805.5,1,-0.41065562,-0.06379752,0.40785345,1268,31.97908088360664,118.81580580136112,"{""geodesic"":false,""type"":""Point"",""coordinates"":[118.81580580136112,31.97908088360664]}",2,0.968
1114,1874.0,1423.0,588.0,856.0,824.0,2604.0,1,-0.37289378,-0.16301921,0.5192532,1114,32.4815984535431,119.0185555609869,"{""geodesic"":false,""type"":""Point"",""coordinates"":[119.0185555609869,32.4815984535431]}",2,0.968
2104,1868.5,1527.5,611.5,823.5,761.0,2812.5,1,-0.38818723,-0.20166631,0.574087,2104,32.087866864513515,118.81859057874188,"{""geodesic"":false,""type"":""Point"",""coordinates"":[118.81859057874189,32.087866864513515]}",2,0.968
4343,2190.5,1581.0,667.0,873.5,989.5,2286.0,1,-0.42983028,-0.021333631,0.39581743,4343,32.29564718973036,118.8441027328109,"{""geodesic"":false,""type"":""Point"",""coordinates"":[118.8441027328109,32.29564718973036]}",2,0.968
4317,2188.0,1628.0,722.5,933.0,938.5,2322.5,1,-0.40211472,-0.02981931,0.4244097,4317,32.37595657613064,118.92926302174544,"{""geodesic"":false,""type"":""Point"",""coordinates"":[118.92926302174543,32.37595657613064]}",2,0.968
2138,1887.0,1399.0,620.0,814.0,787.0,2510.0,1,-0.39726028,-0.14168751,0.5225963,2138,31.634307477561567,119.0447863672832,"{""geodesic"":false,""type"":""Point"",""coordinates"":[119.0447863672832,31.634307477561567]}",2,0.966
1622,2023.0,1425.5,605.0,809.5,833.5,2709.0,1,-0.42842013,-0.14497042,0.52942836,1622,32.212103868307246,118.80179208292886,"{""geodesic"":false,""type"":""Point"",""coordinates"":[118.80179208292886,32.212103868307246]}",2,0.966
4063,1876.0,1602.0,1000.5,1172.0,1241.3333333333333,2004.6666666666667,1,-0.23097113,-0.033155814,0.23516123,4063,31.42374237496395,119.14791296190012,"{""geodesic"":false,""type"":""Point"",""coordinates"":[119.14791296190012,31.42374237496395]}",2,0.966
2820,1914.0,1299.0,622.0,890.0,891.0,2962.0,1,-0.3651926,-0.21493027,0.53750324,2820,32.547085637755416,118.80322938738344,"{""geodesic"":false,""type"":""Point"",""coordinates"":[118.80322938738345,32.547085637755416]}",2,0.964
4475,1932.5,1496.0,651.0,831.5,774.5,2596.5,1,-0.39833575,-0.14661074,0.5404924,4475,32.012767706761124,118.85865544041364,"{""geodesic"":false,""type"":""Point"",""coordinates"":[118.85865544041363,32.012767706761124]}",2,0.964
3173,1967.0,1516.0,584.0,700.0,762.0,2676.0,1,-0.47506562,-0.15270299,0.556719,3173,32.4462946628772,118.78562240781471,"{""geodesic"":false,""type"":""Point"",""coordinates"":[118.78562240781471,32.4462946628772]}",2,0.964
1323,1918.0,1614.0,1030.0,1236.0,1390.0,1920.0,1,-0.21623336,-0.0005211047,0.16012084,1323,31.64472793485735,118.99906211932152,"{""geodesic"":false,""type"":""Point"",""coordinates"":[118.99906211932151,31.644727934857354]}",2,0.964
1972,2097.0,1622.0,648.0,868.0,1011.0,2282.0,1,-0.41450253,-0.042247087,0.38597023,1972,32.588048814711264,118.7103435870055,"{""geodesic"":false,""type"":""Point"",""coordinates"":[118.7103435870055,32.588048814711264]}",2,0.964
68,2152.0,1529.0,675.0,944.0,882.0,2677.0,1,-0.3901809,-0.108718164,0.50435513,68,32.33211879026561,118.79182078327514,"{""geodesic"":false,""type"":""Point"",""coordinates"":[118.79182078327514,32.33211879026561]}",2,0.964
14474,2029.5,1262.5,652.0,897.5,838.5,2659.0,3,-0.3867441,-0.1342647,0.52051467,14474,32.1960240247215,118.50489888152735,"{""geodesic"":false,""type"":""Point"",""coordinates"":[118.50489888152737,32.1960240247215]}",2,0.964
14192,1613.0,1546.5,956.5,1225.0,1287.0,1733.5,3,-0.136716,-0.03600777,0.14782321,14192,31.294295142522326,118.84140778695853,"{""geodesic"":false,""type"":""Point"",""coordinates"":[118.84140778695853,31.294295142522326]}",2,0.964
2103,1932.5,1471.5,754.0,1032.0,989.5,2263.0,1,-0.30376118,-0.07877488,0.39154497,2103,32.04977829646685,118.90491867754578,"{""geodesic"":false,""type"":""Point"",""coordinates"":[118.90491867754578,32.04977829646685]}",2,0.964
3283,1986.5,1610.0,643.5,829.0,910.0,2278.0,1,-0.41111702,-0.068355024,0.42910916,3283,32.01231854911906,118.35802433257382,"{""geodesic"":false,""type"":""Point"",""coordinates"":[118.35802433257382,32.01231854911906]}",2,0.962
1412,2019.0,1574.0,595.5,793.5,826.5,2060.0,1,-0.43573335,-0.010051483,0.42733413,1412,31.92293617834917,118.75750513942177,"{""geodesic"":false,""type"":""Point"",""coordinates"":[118.75750513942177,31.92293617834917]}",2,0.962
64,1899.5,1490.5,969.5,1159.0,1240.0,1949.0,1,-0.24211214,-0.012862154,0.22232676,64,31.981685997930587,118.8193092309692,"{""geodesic"":false,""type"":""Point"",""coordinates"":[118.8193092309692,31.981685997930587]}",2,0.962
479,2133.0,1431.0,662.0,900.0,892.0,2664.5,1,-0.4065282,-0.11078687,0.49838325,479,32.41305699736478,118.813380350094,"{""geodesic"":false,""type"":""Point"",""coordinates"":[118.81338035009401,32.41305699736478]}",2,0.962
3097,1944.0,1534.0,626.5,868.0,970.5,2055.0,1,-0.38264582,-0.027756939,0.35845315,3097,32.131255492736486,118.8336822755151,"{""geodesic"":false,""type"":""Point"",""coordinates"":[118.8336822755151,32.131255492736486]}",2,0.962
1393,2166.0,1624.0,848.0,1124.0,1212.0,2686.0,1,-0.31671733,-0.1071723,0.37814263,1393,31.50548906581883,118.97768221555948,"{""geodesic"":false,""type"":""Point"",""coordinates"":[118.97768221555947,31.50548906581883]}",2,0.962
4707,2144.5,1667.0,701.0,958.0,988.0,3115.0,1,-0.38243353,-0.18452324,0.51840115,4707,32.26842823662154,118.96474647546816,"{""geodesic"":false,""type"":""Point"",""coordinates"":[118.96474647546815,32.26842823662154]}",2,0.962
2405,2094.0,1629.0,742.0,962.5,945.5,2738.5,1,-0.37019467,-0.13336782,0.48669925,2405,31.92608028184359,119.03364725776012,"{""geodesic"":false,""type"":""Point"",""coordinates"":[119.03364725776011,31.92608028184359]}",2,0.962
2776,1947.0,1630.5,1029.0,1180.0,1334.0,1973.0,1,-0.24528302,-0.006632653,0.19322649,2776,32.363919151323444,118.78813769061024,"{""geodesic"":false,""type"":""Point"",""coordinates"":[118.78813769061024,32.363919151323444]}",2,0.96
11114,1836.5,1504.5,997.5,1200.0,1207.0,1896.0,3,-0.20961633,-0.015941057,0.22204319,11114,31.42500001636172,118.86709960408434,"{""geodesic"":false,""type"":""Point"",""coordinates"":[118.86709960408434,31.425000016361718]}",2,0.96
4836,2224.5,1694.5,629.0,847.5,811.5,2707.0,1,-0.4482422,-0.09784041,0.5387239,4836,32.2824419550538,118.802690398213,"{""geodesic"":false,""type"":""Point"",""coordinates"":[118.80269039821299,32.2824419550538]}",2,0.96
2981,2089.0,1552.5,781.5,1070.0,1157.0,2637.0,1,-0.32257044,-0.115954295,0.3900896,2981,31.374694360451024,118.9155187978984,"{""geodesic"":false,""type"":""Point"",""coordinates"":[118.9155187978984,31.374694360451024]}",2,0.96
1480,1729.5,1208.5,444.0,625.0,612.0,2502.0,1,-0.46910173,-0.18255937,0.6069364,1480,31.692697971029336,118.85631982067493,"{""geodesic"":false,""type"":""Point"",""coordinates"":[118.85631982067491,31.692697971029336]}",2,0.96
240,2126.0,1779.0,761.0,1100.0,1178.0,2821.0,1,-0.3180409,-0.14048919,0.4108527,240,32.50441566175974,118.90150507946612,"{""geodesic"":false,""type"":""Point"",""coordinates"":[118.90150507946613,32.50441566175974]}",2,0.958
693,1951.0,1633.5,753.0,1041.0,1113.0,2444.0,1,-0.30414438,-0.112172924,0.37419173,693,32.16862540855586,118.64368859292382,"{""geodesic"":false,""type"":""Point"",""coordinates"":[118.64368859292382,32.16862540855586]}",2,0.958
4132,1684.5,1195.5,747.0,1036.0,1008.0,2405.5,1,-0.23837529,-0.17628361,0.40940383,4132,31.311273301392188,118.87563359928347,"{""geodesic"":false,""type"":""Point"",""coordinates"":[118.87563359928349,31.311273301392188]}",2,0.958
2736,2085.0,1492.0,609.0,910.0,922.0,2584.0,1,-0.39232054,-0.10687514,0.4740445,2736,32.550139909721416,118.71672162552274,"{""geodesic"":false,""type"":""Point"",""coordinates"":[118.71672162552274,32.550139909721416]}",2,0.958
10091,1749.5,1317.0,694.5,978.5,957.5,2172.0,3,-0.28262463,-0.10773939,0.38808116,10091,31.35879417992211,118.83251446564574,"{""geodesic"":false,""type"":""Point"",""coordinates"":[118.83251446564574,31.35879417992211]}",2,0.958
3867,2041.0,1530.0,750.0,994.0,1005.5,2288.5,1,-0.3449753,-0.057165954,0.38949606,3867,31.821965540414133,118.71753010927846,"{""geodesic"":false,""type"":""Point"",""coordinates"":[118.71753010927846,31.821965540414133]}",2,0.958
8362,4200.5,3763.5,1851.0,2135.0,2633.0,3029.0,2,-0.32602003,0.1620444,0.06993995,8362,32.07861421708708,119.03688119278294,"{""geodesic"":false,""type"":""Point"",""coordinates"":[119.03688119278294,32.07861421708708]}",1,0.958
719,2378.0,1803.0,610.0,854.0,853.0,2941.0,1,-0.47153464,-0.105846964,0.5503426,719,32.50872757512351,118.70558251599968,"{""geodesic"":false,""type"":""Point"",""coordinates"":[118.70558251599967,32.50872757512351]}",2,0.958
2139,1276.0,851.5,390.0,557.5,427.5,1994.0,1,-0.39187348,-0.21957186,0.64691305,2139,32.049239307296375,118.76145772667188,"{""geodesic"":false,""type"":""Point"",""coordinates"":[118.76145772667189,32.049239307296375]}",2,0.958
4604,2423.0,1819.0,650.0,942.0,1031.5,2435.0,1,-0.44011888,-0.0024701522,0.40487525,4604,32.144370895884634,118.8607215655671,"{""geodesic"":false,""type"":""Point"",""coordinates"":[118.8607215655671,32.144370895884634]}",2,0.958
2835,1698.0,1136.0,722.0,985.5,879.5,2696.0,1,-0.26551145,-0.2271279,0.50804085,2835,31.68236734526196,118.84464172198136,"{""geodesic"":false,""type"":""Point"",""coordinates"":[118.84464172198136,31.682367345261962]}",2,0.958
4746,1852.5,1397.0,649.0,829.0,897.5,2134.0,1,-0.38168934,-0.07061332,0.40788388,4746,32.16458298977732,118.70917577713614,"{""geodesic"":false,""type"":""Point"",""coordinates"":[118.70917577713614,32.16458298977732]}",2,0.958
9022,5017.5,5325.5,2586.0,2539.0,2624.0,2471.0,2,-0.32799578,0.34005475,-0.03002944,9022,31.82690627447679,118.5630198804099,"{""geodesic"":false,""type"":""Point"",""coordinates"":[118.5630198804099,31.82690627447679]}",1,0.956
4464,1968.0,1699.5,676.0,870.0,938.0,2216.5,1,-0.38689217,-0.05938583,0.40529403,4464,31.296091773090566,118.784813924059,"{""geodesic"":false,""type"":""Point"",""coordinates"":[118.78481392405901,31.296091773090566]}",2,0.956
270,1902.5,1319.5,687.0,884.5,887.0,2155.0,1,-0.3652673,-0.062230438,0.41683105,270,31.232131724861254,118.8238008073898,"{""geodesic"":false,""type"":""Point"",""coordinates"":[118.82380080738979,31.232131724861258]}",2,0.956
4946,2156.5,1496.0,641.5,876.0,920.0,2419.0,1,-0.42225885,-0.05737078,0.44893682,4946,32.2824419550538,118.9650159700534,"{""geodesic"":false,""type"":""Point"",""coordinates"":[118.96501597005339,32.2824419550538]}",2,0.956
6276,4365.0,4287.0,1730.0,2098.5,2198.0,2430.5,2,-0.3506614,0.2846737,0.050232258,6276,31.86912709283041,118.81005658354276,"{""geodesic"":false,""type"":""Point"",""coordinates"":[118.81005658354276,31.86912709283041]}",1,0.956
1891,1830.0,1562.0,1003.0,1226.0,1306.0,1812.5,1,-0.19764398,0.004804393,0.16241783,1891,32.201324084897806,119.06688492327254,"{""geodesic"":false,""type"":""Point"",""coordinates"":[119.06688492327254,32.201324084897806]}",2,0.956
3355,2149.0,1866.5,752.5,948.5,977.0,2227.0,1,-0.38757062,-0.017824497,0.3901373,3355,32.43255043903017,118.80565483865058,"{""geodesic"":false,""type"":""Point"",""coordinates"":[118.80565483865058,32.43255043903017]}",2,0.956
1765,2096.0,1559.0,593.0,866.0,820.0,2367.5,1,-0.41525996,-0.060826704,0.4854902,1765,32.31415248458322,118.9968163311112,"{""geodesic"":false,""type"":""Point"",""coordinates"":[118.9968163311112,32.31415248458322]}",2,0.956
3862,1932.0,1719.0,1030.5,1223.0,1311.0,2093.0,1,-0.22472267,-0.04,0.22972973,3862,32.13008768286713,118.55457571673917,"{""geodesic"":false,""type"":""Point"",""coordinates"":[118.55457571673917,32.13008768286713]}",2,0.956
3446,1816.5,1350.5,483.5,658.0,597.5,2584.0,1,-0.46817538,-0.174412,0.624391,3446,31.793399114379135,118.5653555001486,"{""geodesic"":false,""type"":""Point"",""coordinates"":[118.5653555001486,31.793399114379135]}",2,0.956
3356,1910.0,1582.0,672.9230769230769,858.3333333333334,878.0,2017.428571428571,1,-0.37989163,-0.027353412,0.39352673,3356,31.732762832701063,119.126083900496,"{""geodesic"":false,""type"":""Point"",""coordinates"":[119.12608390049601,31.732762832701066]}",2,0.954
448,1876.5,1610.5,725.0,971.0,1025.0,2309.5,1,-0.31799823,-0.10344004,0.38521516,448,31.913414036337503,118.85075026591338,"{""geodesic"":false,""type"":""Point"",""coordinates"":[118.85075026591338,31.913414036337503]}",2,0.954
8646,3287.0,3124.0,1940.0,2370.0,2868.0,3204.0,2,-0.16210005,0.012786936,0.05533597,8646,31.460393638556027,119.1409959342124,"{""geodesic"":false,""type"":""Point"",""coordinates"":[119.1409959342124,31.460393638556027]}",1,0.954
3898,1797.0,1461.5,1034.0,1205.0,1311.0,1915.5,1,-0.19720186,-0.031919193,0.18735471,3898,31.952850077310348,118.8945880517784,"{""geodesic"":false,""type"":""Point"",""coordinates"":[118.89458805177841,31.952850077310348]}",2,0.954
2584,2333.5,1682.5,737.0,979.5,1080.0,2558.0,1,-0.40869302,-0.04589594,0.40626717,2584,32.230429500103284,118.88380826836898,"{""geodesic"":false,""type"":""Point"",""coordinates"":[118.88380826836898,32.230429500103284]}",2,0.954
18,1331.0,874.0,356.5,571.0,501.5,2072.0,1,-0.39957938,-0.21774904,0.6102584,18,31.965875648930083,118.84428239586772,"{""geodesic"":false,""type"":""Point"",""coordinates"":[118.84428239586772,31.965875648930083]}",2,0.954
2929,1773.0,1214.0,680.0,886.5,995.5,2191.5,1,-0.33333334,-0.10556186,0.37527454,2929,31.796453386345146,118.63578341842356,"{""geodesic"":false,""type"":""Point"",""coordinates"":[118.63578341842357,31.796453386345142]}",2,0.954
2967,2118.5,1678.5,732.0,961.5,975.0,2891.5,1,-0.37564936,-0.15429142,0.4956679,2967,31.991836960641137,118.762356041956,"{""geodesic"":false,""type"":""Point"",""coordinates"":[118.76235604195601,31.991836960641137]}",2,0.954
2049,2069.5,1602.5,732.0,880.0,892.0,2297.5,1,-0.4032887,-0.052209754,0.44066468,2049,31.897064698166528,118.46654081889544,"{""geodesic"":false,""type"":""Point"",""coordinates"":[118.46654081889545,31.897064698166528]}",2,0.952
2771,1958.5,1644.0,709.5,920.5,985.0,2119.5,1,-0.36054185,-0.03948014,0.36543727,2771,31.838943699283995,118.65078528366836,"{""geodesic"":false,""type"":""Point"",""coordinates"":[118.65078528366837,31.838943699283995]}",2,0.952
5808,2612.0,2481.5,2007.0,2326.0,2504.0,2818.0,2,-0.057918187,-0.037937384,0.059000377,5808,31.895537562183524,118.80089376764474,"{""geodesic"":false,""type"":""Point"",""coordinates"":[118.80089376764474,31.895537562183524]}",1,0.952
4183,2002.5,1430.0,599.5,875.0,908.0,2330.0,1,-0.3918332,-0.07559146,0.43916,4183,32.097119511939944,118.76999172187104,"{""geodesic"":false,""type"":""Point"",""coordinates"":[118.76999172187104,32.097119511939944]}",2,0.952
1001,1878.0,1554.0,673.0,893.0,1028.0,2170.5,1,-0.35546735,-0.07224898,0.3571987,1001,31.753424084235817,118.64431741362272,"{""geodesic"":false,""type"":""Point"",""coordinates"":[118.64431741362272,31.753424084235814]}",2,0.952
3473,1870.0,1364.0,683.5,806.5,810.0,1970.5,1,-0.39734727,-0.026168467,0.41737098,3473,31.910719090485145,118.6885145256014,"{""geodesic"":false,""type"":""Point"",""coordinates"":[118.68851452560139,31.910719090485145]}",2,0.952
1878,2151.5,1653.0,765.5,1002.0,1088.0,2259.5,1,-0.36451563,-0.024484243,0.34996265,1878,31.98294363932835,118.69561121634594,"{""geodesic"":false,""type"":""Point"",""coordinates"":[118.69561121634594,31.982943639328354]}",2,0.952
298,2046.0,1539.0,706.0,975.5,1057.0,2547.5,1,-0.3542942,-0.10917601,0.4135109,298,32.026601762136565,118.48351897776531,"{""geodesic"":false,""type"":""Point"",""coordinates"":[118.48351897776531,32.026601762136565]}",2,0.952
302,2373.5,1654.0,767.0,1029.0,1032.0,3037.0,1,-0.39515063,-0.12263192,0.49275005,302,31.964618007532316,118.6600379310948,"{""geodesic"":false,""type"":""Point"",""coordinates"":[118.6600379310948,31.964618007532316]}",2,0.952
599,2126.0,1683.0,625.0,949.0,901.0,3090.0,1,-0.38276422,-0.18481596,0.5484841,599,32.436862352393945,118.79137162563308,"{""geodesic"":false,""type"":""Point"",""coordinates"":[118.79137162563308,32.436862352393945]}",2,0.952
3701,1961.0,1583.0,647.0,867.5,980.0,2293.0,1,-0.38660067,-0.07804419,0.40116102,3701,32.01133040230653,119.03077264885091,"{""geodesic"":false,""type"":""Point"",""coordinates"":[119.03077264885093,32.01133040230653]}",2,0.952
4257,1630.5,1254.5,677.0,905.0,894.0,2146.5,1,-0.28613687,-0.13661636,0.41193882,4257,31.91359369939433,118.83476025385605,"{""geodesic"":false,""type"":""Point"",""coordinates"":[118.83476025385605,31.913593699394326]}",2,0.95
1035,2127.0,1800.5,1005.0,1191.0,1334.0,2126.0,1,-0.28209764,0.00023512814,0.22890173,1035,32.10331788740037,118.92854436951812,"{""geodesic"":false,""type"":""Point"",""coordinates"":[118.92854436951812,32.10331788740037]}",2,0.95
4622,1918.0,1545.0,1109.0,1278.0,1317.0,1937.5,1,-0.20025031,-0.0050577098,0.19065909,4622,32.08014135307008,118.8961151877614,"{""geodesic"":false,""type"":""Point"",""coordinates"":[118.89611518776141,32.08014135307008]}",2,0.95
2840,1809.5,1481.0,1003.0,1184.0,1254.0,2098.0,1,-0.20895272,-0.07383237,0.25179,2840,31.39796072630972,118.98585688464496,"{""geodesic"":false,""type"":""Point"",""coordinates"":[118.98585688464495,31.39796072630972]}",2,0.95
4536,2150.0,1751.0,1087.0,1292.0,1385.0,2133.0,1,-0.24927367,0.0039691804,0.21262081,4536,31.90308341057013,118.85380453787938,"{""geodesic"":false,""type"":""Point"",""coordinates"":[118.85380453787938,31.90308341057013]}",2,0.95
2051,2113.0,1544.5,794.5,1073.0,1070.0,2520.5,1,-0.32642812,-0.087946475,0.40398273,2051,32.282172460468566,118.86135038626598,"{""geodesic"":false,""type"":""Point"",""coordinates"":[118.86135038626598,32.282172460468566]}",2,0.95
3922,2177.5,1752.5,760.0,904.5,976.0,2243.0,1,-0.41304347,-0.014817328,0.3936005,3922,32.31963220781635,118.96636344297956,"{""geodesic"":false,""type"":""Point"",""coordinates"":[118.96636344297956,32.31963220781635]}",2,0.95
1796,2004.5,1263.0,708.0,999.0,882.5,3334.5,1,-0.3347761,-0.24911033,0.581456,1796,32.053281726074914,118.80691248004834,"{""geodesic"":false,""type"":""Point"",""coordinates"":[118.80691248004834,32.053281726074914]}",2,0.95
