held_out,seed,tau,q,n_corrected,Human_OA,Human_BE,WC_OA,WC_BE
Wuhan,0,0.7,0.05,80,0.4666666666666667,63,0.9096319153625744,278
Wuhan,1,0.7,0.05,84,0.46,64,0.9218683651804671,233
Wuhan,2,0.7,0.05,80,0.4666666666666667,62,0.9148156135432391,289
Wuhan,3,0.7,0.05,81,0.44,66,0.9179170344218888,263
Wuhan,4,0.7,0.05,73,0.46,64,0.9142733750809761,267
Wuhan,0,0.7,0.1,168,0.5266666666666666,54,0.9078686356623319,291
Wuhan,1,0.7,0.1,174,0.5133333333333333,57,0.9191082802547771,245
Wuhan,2,0.7,0.1,151,0.5133333333333333,56,0.9130903601466466,299
Wuhan,3,0.7,0.1,161,0.49333333333333335,58,0.9163724624889673,270
Wuhan,4,0.7,0.1,164,0.52,55,0.9116821420859426,280
Wuhan,0,0.7,0.2,352,0.58,45,0.8946440379105135,343
Wuhan,1,0.7,0.2,359,0.5733333333333334,47,0.9159235668789809,262
Wuhan,2,0.7,0.2,306,0.5466666666666666,51,0.9010135863704982,348
Wuhan,3,0.7,0.2,337,0.5733333333333334,48,0.9066637246248896,313
Wuhan,4,0.7,0.2,341,0.5733333333333334,49,0.8991578492766141,333
Wuhan,0,0.8,0.05,17,0.44,66,0.9102931452501654,277
Wuhan,1,0.8,0.05,22,0.43333333333333335,68,0.9227176220806794,224
Wuhan,2,0.8,0.05,23,0.44666666666666666,65,0.9167565236144058,278
Wuhan,3,0.8,0.05,25,0.44,67,0.9212268314210061,252
Wuhan,4,0.8,0.05,17,0.4666666666666667,63,0.9153530554955733,262
Wuhan,0,0.8,0.1,40,0.4666666666666667,62,0.9127176548379987,270
Wuhan,1,0.8,0.1,48,0.4533333333333333,65,0.9205944798301486,233
Wuhan,2,0.8,0.1,40,0.4666666666666667,64,0.9174034936381281,278
Wuhan,3,0.8,0.1,54,0.4666666666666667,64,0.9192409532215358,257
Wuhan,4,0.8,0.1,43,0.4666666666666667,64,0.9151371194126539,263
Wuhan,0,0.8,0.2,105,0.5266666666666666,54,0.9096319153625744,281
Wuhan,1,0.8,0.2,115,0.5066666666666667,58,0.9205944798301486,236
Wuhan,2,0.8,0.2,97,0.49333333333333335,59,0.911580763424628,303
Wuhan,3,0.8,0.2,110,0.5066666666666667,57,0.9179170344218888,263
Wuhan,4,0.8,0.2,104,0.5133333333333333,57,0.9134096307492983,267
Wuhan,0,0.85,0.05,5,0.4666666666666667,62,0.9124972448754683,268
Wuhan,1,0.85,0.05,4,0.42,70,0.9239915074309979,221
Wuhan,2,0.85,0.05,3,0.44666666666666666,65,0.9191287470347207,271
Wuhan,3,0.85,0.05,4,0.46,64,0.9212268314210061,251
Wuhan,4,0.85,0.05,5,0.4533333333333333,65,0.9157849276614122,260
Wuhan,0,0.85,0.1,19,0.4666666666666667,62,0.912938064800529,269
Wuhan,1,0.85,0.1,14,0.4266666666666667,68,0.9237791932059448,222
Wuhan,2,0.85,0.1,14,0.4533333333333333,64,0.9189130903601467,271
Wuhan,3,0.85,0.1,16,0.4533333333333333,65,0.9201235657546337,255
Wuhan,4,0.85,0.1,18,0.4666666666666667,63,0.9162167998272511,256
Wuhan,0,0.85,0.2,42,0.46,63,0.9105135552126956,279
Wuhan,1,0.85,0.2,37,0.44,67,0.9246284501061571,221
Wuhan,2,0.85,0.2,30,0.48,60,0.9195600603838688,270
Wuhan,3,0.85,0.2,37,0.44666666666666666,66,0.9205648720211828,252
Wuhan,4,0.85,0.2,40,0.4666666666666667,63,0.9147052472468149,263
Wuhan,0,0.9,0.05,1,0.4666666666666667,62,0.91359929468812,262
Wuhan,1,0.9,0.05,1,0.42,70,0.924203821656051,222
Wuhan,2,0.9,0.05,1,0.44666666666666666,65,0.9184817770109985,270
Wuhan,3,0.9,0.05,1,0.44,67,0.9212268314210061,253
Wuhan,4,0.9,0.05,1,0.4533333333333333,65,0.9151371194126539,261
Wuhan,0,0.9,0.1,8,0.47333333333333333,61,0.9122768349129381,268
Wuhan,1,0.9,0.1,6,0.44,67,0.9229299363057325,223
Wuhan,2,0.9,0.1,6,0.46,64,0.9186974336855726,271
Wuhan,3,0.9,0.1,5,0.44,66,0.9207855251544572,254
Wuhan,4,0.9,0.1,6,0.46,64,0.9168646080760094,255
Wuhan,0,0.9,0.2,16,0.4666666666666667,63,0.9124972448754683,268
Wuhan,1,0.9,0.2,16,0.44,67,0.9239915074309979,220
Wuhan,2,0.9,0.2,11,0.4666666666666667,63,0.9195600603838688,268
Wuhan,3,0.9,0.2,13,0.44666666666666666,65,0.9196822594880847,257
Wuhan,4,0.9,0.2,12,0.43333333333333335,68,0.9157849276614122,263
Hefei,0,0.7,0.05,147,0.44,74,0.9267805635677835,256
Hefei,1,0.7,0.05,131,0.4266666666666667,74,0.9336542486395981,264
Hefei,2,0.7,0.05,136,0.41333333333333333,77,0.9305201177625123,278
Hefei,3,0.7,0.05,121,0.46,70,0.9255379927632832,324
Hefei,4,0.7,0.05,135,0.4266666666666667,74,0.9350794716812179,243
Hefei,0,0.7,0.1,277,0.47333333333333333,69,0.9238961615265143,271
Hefei,1,0.7,0.1,255,0.46,70,0.9280033486814567,290
Hefei,2,0.7,0.1,268,0.43333333333333335,73,0.9299313052011776,279
Hefei,3,0.7,0.1,231,0.47333333333333333,68,0.9173490763664064,367
Hefei,4,0.7,0.1,265,0.48,68,0.9301544660846206,268
Hefei,0,0.7,0.2,457,0.5466666666666666,57,0.9070335034390947,349
Hefei,1,0.7,0.2,467,0.56,55,0.9123064043532859,360
Hefei,2,0.7,0.2,480,0.5333333333333333,59,0.9226692836113837,310
Hefei,3,0.7,0.2,416,0.52,62,0.904970481812988,432
Hefei,4,0.7,0.2,457,0.5533333333333333,57,0.9131408103872846,340
Hefei,0,0.8,0.05,57,0.42,77,0.929443088528955,249
Hefei,1,0.8,0.05,54,0.4066666666666667,77,0.9393051485977396,237
Hefei,2,0.8,0.05,50,0.3933333333333333,79,0.9338567222767419,263
Hefei,3,0.8,0.05,49,0.44,72,0.9299181108360313,306
Hefei,4,0.8,0.05,61,0.4266666666666667,76,0.9377658383702708,232
Hefei,0,0.8,0.1,119,0.46,71,0.9278899489682716,254
Hefei,1,0.8,0.1,111,0.44,73,0.9334449560485559,265
Hefei,2,0.8,0.1,104,0.4066666666666667,76,0.9336604514229637,264
Hefei,3,0.8,0.1,94,0.4266666666666667,75,0.9264901923443154,320
Hefei,4,0.8,0.1,119,0.44666666666666666,73,0.9375419744795165,234
Hefei,0,0.8,0.2,191,0.4866666666666667,67,0.925893055247393,264
Hefei,1,0.8,0.2,196,0.46,70,0.9303055671829217,279
Hefei,2,0.8,0.2,189,0.4666666666666667,68,0.9297350343473995,282
Hefei,3,0.8,0.2,167,0.5066666666666667,64,0.9219196343553608,345
Hefei,4,0.8,0.2,199,0.48,67,0.9297067383031117,267
Hefei,0,0.85,0.05,28,0.4066666666666667,80,0.9303305968493455,247
Hefei,1,0.85,0.05,22,0.42,75,0.9390958560066973,237
Hefei,2,0.85,0.05,22,0.3933333333333333,78,0.9336604514229637,264
Hefei,3,0.85,0.05,17,0.43333333333333335,73,0.9322033898305084,291
Hefei,4,0.85,0.05,28,0.42,76,0.9384374300425341,229
Hefei,0,0.85,0.1,53,0.4266666666666667,76,0.931218105169736,243
Hefei,1,0.85,0.1,47,0.4066666666666667,76,0.9384679782335705,241
Hefei,2,0.85,0.1,42,0.41333333333333333,76,0.9336604514229637,264
Hefei,3,0.85,0.1,41,0.4533333333333333,71,0.9323938297467149,289
Hefei,4,0.85,0.1,50,0.4266666666666667,75,0.9368703828072532,235
Hefei,0,0.85,0.2,83,0.46,72,0.9327712447304194,236
Hefei,1,0.85,0.2,74,0.44,72,0.9382586856425282,241
Hefei,2,0.85,0.2,70,0.41333333333333333,76,0.9326790971540726,269
Hefei,3,0.85,0.2,66,0.46,70,0.9302989906684441,301
Hefei,4,0.85,0.2,82,0.41333333333333333,77,0.9375419744795165,235
Hefei,0,0.9,0.05,3,0.4066666666666667,79,0.9318837364100289,235
Hefei,1,0.9,0.05,3,0.4,77,0.9386772708246128,238
Hefei,2,0.9,0.05,2,0.4,78,0.9336604514229637,266
Hefei,3,0.9,0.05,1,0.4266666666666667,74,0.9327747095791278,289
Hefei,4,0.9,0.05,3,0.4066666666666667,78,0.9408999328408327,216
Hefei,0,0.9,0.1,12,0.4066666666666667,79,0.9325493676503217,234
Hefei,1,0.9,0.1,11,0.4266666666666667,74,0.940351611552951,230
Hefei,2,0.9,0.1,10,0.4066666666666667,77,0.9332679097154073,264
Hefei,3,0.9,0.1,9,0.4266666666666667,74,0.9327747095791278,290
Hefei,4,0.9,0.1,12,0.4066666666666667,77,0.941571524513096,212
Hefei,0,0.9,0.2,19,0.4066666666666667,77,0.9327712447304194,233
Hefei,1,0.9,0.2,17,0.4266666666666667,73,0.9390958560066973,236
Hefei,2,0.9,0.2,14,0.38666666666666666,80,0.9342492639842983,261
Hefei,3,0.9,0.2,14,0.4266666666666667,74,0.9318225099980956,292
Hefei,4,0.9,0.2,18,0.41333333333333333,78,0.9395567494963063,224
Nanchang,0,0.7,0.05,75,0.2866666666666667,81,0.9051094890510949,197
Nanchang,1,0.7,0.05,67,0.3,80,0.9039110581695453,191
Nanchang,2,0.7,0.05,80,0.29333333333333333,80,0.8834240267894516,192
Nanchang,3,0.7,0.05,62,0.29333333333333333,81,0.9073342116820378,215
Nanchang,4,0.7,0.05,60,0.29333333333333333,81,0.9178626628394789,240
Nanchang,0,0.7,0.1,172,0.30666666666666664,80,0.9028975890289759,205
Nanchang,1,0.7,0.1,174,0.32,77,0.9043081199126464,193
Nanchang,2,0.7,0.1,171,0.32666666666666666,74,0.8786102971954792,213
Nanchang,3,0.7,0.1,156,0.3333333333333333,76,0.9042599912165129,230
Nanchang,4,0.7,0.1,142,0.31333333333333335,78,0.9156546699050563,251
Nanchang,0,0.7,0.2,334,0.37333333333333335,69,0.8958195089581951,237
Nanchang,1,0.7,0.2,337,0.3933333333333333,66,0.8967639467937264,229
Nanchang,2,0.7,0.2,306,0.36666666666666664,69,0.8712850565089996,244
Nanchang,3,0.7,0.2,287,0.38666666666666666,68,0.8935002195871761,279
Nanchang,4,0.7,0.2,299,0.38,69,0.9059395009935968,298
Nanchang,0,0.8,0.05,19,0.2866666666666667,81,0.9040035390400354,198
Nanchang,1,0.8,0.05,17,0.28,83,0.9023228111971412,201
Nanchang,2,0.8,0.05,20,0.2733333333333333,84,0.8855169526998744,180
Nanchang,3,0.8,0.05,18,0.32,78,0.9104084321475626,209
Nanchang,4,0.8,0.05,16,0.2866666666666667,82,0.9178626628394789,241
Nanchang,0,0.8,0.1,52,0.3,80,0.9040035390400354,196
Nanchang,1,0.8,0.1,48,0.30666666666666664,79,0.9033154655548938,196
Nanchang,2,0.8,0.1,50,0.3,79,0.8834240267894516,189
Nanchang,3,0.8,0.1,45,0.32,77,0.9097496706192358,206
Nanchang,4,0.8,0.1,41,0.2866666666666667,82,0.9189666593066902,240
Nanchang,0,0.8,0.2,105,0.32666666666666666,75,0.9015704490157045,204
Nanchang,1,0.8,0.2,103,0.36,71,0.9029184038117928,199
Nanchang,2,0.8,0.2,97,0.3333333333333333,73,0.8798660527417329,203
Nanchang,3,0.8,0.2,84,0.3466666666666667,72,0.9071146245059288,218
Nanchang,4,0.8,0.2,95,0.34,73,0.9169794656657099,251
Nanchang,0,0.85,0.05,6,0.26,85,0.904888299048883,195
Nanchang,1,0.85,0.05,6,0.29333333333333333,80,0.9017272185824896,205
Nanchang,2,0.85,0.05,7,0.26666666666666666,85,0.8861448304730013,181
Nanchang,3,0.85,0.05,7,0.28,83,0.9106280193236715,210
Nanchang,4,0.85,0.05,6,0.26,85,0.9178626628394789,246
Nanchang,0,0.85,0.1,22,0.30666666666666664,79,0.9046671090466711,194
Nanchang,1,0.85,0.1,22,0.31333333333333335,78,0.9015286877109391,203
Nanchang,2,0.85,0.1,23,0.3,80,0.884470489744663,186
Nanchang,3,0.85,0.1,20,0.30666666666666664,80,0.9108476064997804,205
Nanchang,4,0.85,0.1,18,0.2733333333333333,84,0.9207330536542283,235
Nanchang,0,0.85,0.2,36,0.2866666666666667,82,0.9031187790311878,198
Nanchang,1,0.85,0.2,40,0.31333333333333335,78,0.9037125272979948,194
Nanchang,2,0.85,0.2,42,0.29333333333333333,80,0.8840519045625785,186
Nanchang,3,0.85,0.2,33,0.31333333333333335,78,0.9104084321475626,205
Nanchang,4,0.85,0.2,35,0.29333333333333333,81,0.918745860013248,240
Nanchang,0,0.9,0.05,2,0.2733333333333333,83,0.9037823490378235,198
Nanchang,1,0.9,0.05,3,0.2866666666666667,82,0.9019257494540401,203
Nanchang,2,0.9,0.05,2,0.2733333333333333,84,0.8865634156550858,178
Nanchang,3,0.9,0.05,3,0.28,83,0.9090909090909091,212
Nanchang,4,0.9,0.05,2,0.26,86,0.9183042614263635,246
Nanchang,0,0.9,0.1,5,0.2733333333333333,85,0.9040035390400354,197
Nanchang,1,0.9,0.1,5,0.2866666666666667,82,0.9013301568393886,206
Nanchang,2,0.9,0.1,3,0.26666666666666666,85,0.8850983675177899,183
Nanchang,3,0.9,0.1,6,0.29333333333333333,81,0.909310496267018,211
Nanchang,4,0.9,0.1,4,0.28,82,0.9176418635460366,247
Nanchang,0,0.9,0.2,8,0.28,84,0.9046671090466711,197
Nanchang,1,0.9,0.2,8,0.2866666666666667,82,0.9013301568393886,205
Nanchang,2,0.9,0.2,7,0.2866666666666667,82,0.8863541230640435,178
Nanchang,3,0.9,0.2,8,0.3,80,0.9090909090909091,213
Nanchang,4,0.9,0.2,5,0.2866666666666667,82,0.9198498564804592,241
Nanjing,0,0.7,0.05,73,0.5266666666666666,58,0.907379679144385,347
Nanjing,1,0.7,0.05,67,0.4866666666666667,62,0.9178536585365854,323
Nanjing,2,0.7,0.05,77,0.52,58,0.9253635585970915,263
Nanjing,3,0.7,0.05,65,0.49333333333333335,60,0.9120370370370371,344
Nanjing,4,0.7,0.05,76,0.5066666666666667,59,0.9110205831903945,331
Nanjing,0,0.7,0.1,138,0.5333333333333333,55,0.9050267379679144,360
Nanjing,1,0.7,0.1,144,0.5466666666666666,53,0.9151219512195122,335
Nanjing,2,0.7,0.1,149,0.6,46,0.9210863986313088,286
Nanjing,3,0.7,0.1,125,0.5133333333333333,56,0.9076003086419753,365
Nanjing,4,0.7,0.1,144,0.5533333333333333,53,0.9063036020583191,359
Nanjing,0,0.7,0.2,257,0.5933333333333334,47,0.8964705882352941,397
Nanjing,1,0.7,0.2,248,0.56,52,0.9110243902439025,356
Nanjing,2,0.7,0.2,283,0.62,43,0.9163815226689478,303
Nanjing,3,0.7,0.2,230,0.58,47,0.9025848765432098,394
Nanjing,4,0.7,0.2,251,0.5933333333333334,47,0.9003001715265866,384
Nanjing,0,0.8,0.05,13,0.46,66,0.9078074866310161,344
Nanjing,1,0.8,0.05,13,0.48,62,0.9215609756097561,304
Nanjing,2,0.8,0.05,15,0.5,61,0.9236526946107785,275
Nanjing,3,0.8,0.05,16,0.48,62,0.9112654320987654,349
Nanjing,4,0.8,0.05,13,0.48,63,0.9140222984562607,321
Nanjing,0,0.8,0.1,28,0.4866666666666667,63,0.9093048128342246,336
Nanjing,1,0.8,0.1,30,0.5066666666666667,59,0.918829268292683,314
Nanjing,2,0.8,0.1,34,0.5133333333333333,57,0.9227972626176218,276
Nanjing,3,0.8,0.1,32,0.49333333333333335,60,0.9110725308641975,350
Nanjing,4,0.8,0.1,26,0.48,63,0.9129502572898799,326
Nanjing,0,0.8,0.2,61,0.5466666666666666,54,0.906524064171123,353
Nanjing,1,0.8,0.2,58,0.49333333333333335,60,0.9160975609756098,326
Nanjing,2,0.8,0.2,66,0.5333333333333333,56,0.9234388366124893,271
Nanjing,3,0.8,0.2,59,0.5133333333333333,59,0.9104938271604939,351
Nanjing,4,0.8,0.2,58,0.5333333333333333,56,0.9082332761578045,347
Nanjing,0,0.85,0.05,1,0.47333333333333333,64,0.9093048128342246,340
Nanjing,1,0.85,0.05,3,0.46,65,0.92,311
Nanjing,2,0.85,0.05,4,0.4866666666666667,62,0.9232249786142002,274
Nanjing,3,0.85,0.05,3,0.49333333333333335,60,0.9108796296296297,349
Nanjing,4,0.85,0.05,3,0.46,66,0.9110205831903945,334
Nanjing,0,0.85,0.1,6,0.4666666666666667,66,0.9095187165775401,336
Nanjing,1,0.85,0.1,12,0.48,63,0.9198048780487805,312
Nanjing,2,0.85,0.1,10,0.4866666666666667,61,0.9236526946107785,270
Nanjing,3,0.85,0.1,9,0.4666666666666667,64,0.9108796296296297,350
Nanjing,4,0.85,0.1,9,0.4666666666666667,66,0.9118782161234992,330
Nanjing,0,0.85,0.2,22,0.5133333333333333,60,0.9071657754010696,349
Nanjing,1,0.85,0.2,22,0.48,64,0.919609756097561,310
Nanjing,2,0.85,0.2,21,0.5066666666666667,58,0.9238665526090676,271
Nanjing,3,0.85,0.2,23,0.4866666666666667,61,0.9112654320987654,349
Nanjing,4,0.85,0.2,23,0.52,58,0.9125214408233276,326
Nanjing,0,0.9,0.05,0,0.4666666666666667,65,0.9099465240641711,336
Nanjing,1,0.9,0.05,0,0.4666666666666667,65,0.9198048780487805,311
Nanjing,2,0.9,0.05,0,0.49333333333333335,60,0.9230111206159111,274
Nanjing,3,0.9,0.05,0,0.47333333333333333,63,0.9106867283950617,351
Nanjing,4,0.9,0.05,0,0.48,63,0.9093053173241853,337
Nanjing,0,0.9,0.1,2,0.47333333333333333,65,0.9088770053475936,340
Nanjing,1,0.9,0.1,3,0.4533333333333333,67,0.919219512195122,314
Nanjing,2,0.9,0.1,2,0.5,59,0.9236526946107785,274
Nanjing,3,0.9,0.1,1,0.47333333333333333,63,0.9104938271604939,350
Nanjing,4,0.9,0.1,2,0.49333333333333335,62,0.9123070325900514,332
Nanjing,0,0.9,0.2,5,0.5,61,0.9095187165775401,337
Nanjing,1,0.9,0.2,6,0.4666666666666667,65,0.9201951219512196,307
Nanjing,2,0.9,0.2,4,0.5,59,0.9232249786142002,274
Nanjing,3,0.9,0.2,2,0.48,62,0.9110725308641975,347
Nanjing,4,0.9,0.2,6,0.5,60,0.9120926243567753,333
Changsha,0,0.7,0.05,119,0.4,68,0.9311264163519218,246
Changsha,1,0.7,0.05,113,0.36666666666666664,70,0.9411152725759467,239
Changsha,2,0.7,0.05,120,0.38,65,0.9290135396518375,238
Changsha,3,0.7,0.05,106,0.37333333333333335,71,0.9373169302870533,269
Changsha,4,0.7,0.05,109,0.38,70,0.9379142730888201,227
Changsha,0,0.7,0.1,270,0.47333333333333333,56,0.926905132192846,267
Changsha,1,0.7,0.1,240,0.43333333333333335,59,0.9346650020807324,272
Changsha,2,0.7,0.1,261,0.44,55,0.9247582205029014,261
Changsha,3,0.7,0.1,240,0.44,60,0.936340558484671,275
Changsha,4,0.7,0.1,248,0.4533333333333333,60,0.9323906319045515,255
Changsha,0,0.7,0.2,519,0.5533333333333333,45,0.9095756498555877,343
Changsha,1,0.7,0.2,483,0.5533333333333333,43,0.9155222638368706,361
Changsha,2,0.7,0.2,495,0.5333333333333333,41,0.90715667311412,350
Changsha,3,0.7,0.2,482,0.5466666666666666,46,0.9242335481351298,339
Changsha,4,0.7,0.2,508,0.5466666666666666,45,0.9120636323464427,345
Changsha,0,0.8,0.05,46,0.3933333333333333,68,0.9337924905576539,235
Changsha,1,0.8,0.05,40,0.37333333333333335,69,0.9421556387848523,236
Changsha,2,0.8,0.05,39,0.36,67,0.9309477756286267,226
Changsha,3,0.8,0.05,38,0.35333333333333333,73,0.9353641866822886,278
Changsha,4,0.8,0.05,40,0.37333333333333335,72,0.9390190013256738,221
Changsha,0,0.8,0.1,97,0.44,62,0.9317929349033548,241
Changsha,1,0.8,0.1,84,0.41333333333333333,64,0.9417394923012901,236
Changsha,2,0.8,0.1,100,0.41333333333333333,60,0.9311411992263056,230
Changsha,3,0.8,0.1,87,0.41333333333333333,65,0.9382933020894356,266
Changsha,4,0.8,0.1,85,0.41333333333333333,65,0.9387980556783031,223
Changsha,0,0.8,0.2,182,0.5133333333333333,49,0.9280159964452344,259
Changsha,1,0.8,0.2,159,0.4666666666666667,56,0.9338327091136079,274
Changsha,2,0.8,0.2,175,0.48,50,0.9257253384912959,257
Changsha,3,0.8,0.2,163,0.5133333333333333,54,0.933020894356571,291
Changsha,4,0.8,0.2,176,0.54,48,0.9304021210782147,260
Changsha,0,0.85,0.05,17,0.38,70,0.9331259720062208,240
Changsha,1,0.85,0.05,14,0.3466666666666667,73,0.9423637120266334,234
Changsha,2,0.85,0.05,13,0.3466666666666667,69,0.9340425531914893,214
Changsha,3,0.85,0.05,12,0.37333333333333335,72,0.9361452841241945,275
Changsha,4,0.85,0.05,14,0.38,71,0.9385771100309324,223
Changsha,0,0.85,0.1,39,0.38666666666666666,69,0.9326816263052655,240
Changsha,1,0.85,0.1,31,0.36666666666666664,71,0.9440282979608823,225
Changsha,2,0.85,0.1,39,0.36,67,0.9323017408123792,223
Changsha,3,0.85,0.1,33,0.36666666666666664,72,0.9349736379613357,280
Changsha,4,0.85,0.1,34,0.36666666666666664,72,0.9381352187361909,224
Changsha,0,0.85,0.2,67,0.43333333333333335,63,0.9317929349033548,239
Changsha,1,0.85,0.2,54,0.4,64,0.9423637120266334,233
Changsha,2,0.85,0.2,66,0.41333333333333333,60,0.9326885880077369,221
Changsha,3,0.85,0.2,60,0.38666666666666666,68,0.9353641866822886,279
Changsha,4,0.85,0.2,61,0.42,66,0.9385771100309324,223
Changsha,0,0.9,0.05,0,0.37333333333333335,72,0.9333481448566985,234
Changsha,1,0.9,0.05,0,0.36,71,0.9421556387848523,235
Changsha,2,0.9,0.05,0,0.3466666666666667,69,0.9334622823984526,217
Changsha,3,0.9,0.05,0,0.3333333333333333,77,0.9355594610427651,277
Changsha,4,0.9,0.05,0,0.36666666666666664,71,0.9383561643835616,225
Changsha,0,0.9,0.1,2,0.36666666666666664,73,0.9335703177071761,236
Changsha,1,0.9,0.1,3,0.36,71,0.9419475655430711,236
Changsha,2,0.9,0.1,3,0.3466666666666667,69,0.9332688588007737,218
Changsha,3,0.9,0.1,2,0.34,77,0.9367311072056239,270
Changsha,4,0.9,0.1,2,0.38666666666666666,70,0.9403446752098984,217
Changsha,0,0.9,0.2,5,0.37333333333333335,70,0.9329037991557432,234
Changsha,1,0.9,0.2,7,0.36,71,0.9431960049937578,231
Changsha,2,0.9,0.2,6,0.34,69,0.9315280464216634,224
Changsha,3,0.9,0.2,5,0.35333333333333333,74,0.936340558484671,272
Changsha,4,0.9,0.2,4,0.38,71,0.9392399469730446,221
Hangzhou,0,0.7,0.05,62,0.3466666666666667,57,0.9610440972908839,144
Hangzhou,1,0.7,0.05,59,0.36666666666666664,56,0.9516657038320816,190
Hangzhou,2,0.7,0.05,61,0.3333333333333333,61,0.9757406612279949,78
Hangzhou,3,0.7,0.05,81,0.38666666666666666,52,0.9466960352422907,159
Hangzhou,4,0.7,0.05,68,0.34,57,0.9706432311144353,105
Hangzhou,0,0.7,0.1,133,0.41333333333333333,48,0.9559027091160768,170
Hangzhou,1,0.7,0.1,132,0.46,42,0.9481994993260158,210
Hangzhou,2,0.7,0.1,142,0.4,53,0.9733791326749678,89
Hangzhou,3,0.7,0.1,145,0.44666666666666666,44,0.9398678414096916,188
Hangzhou,4,0.7,0.1,147,0.43333333333333335,45,0.9674644727000747,123
Hangzhou,0,0.7,0.2,198,0.47333333333333333,39,0.9493771010480522,202
Hangzhou,1,0.7,0.2,186,0.48,40,0.9422299248989023,241
Hangzhou,2,0.7,0.2,229,0.46,43,0.969944182052383,106
Hangzhou,3,0.7,0.2,211,0.4666666666666667,40,0.9330396475770925,222
Hangzhou,4,0.7,0.2,226,0.44666666666666666,44,0.9646596858638743,138
Hangzhou,0,0.8,0.05,17,0.30666666666666664,63,0.9628238085821633,135
Hangzhou,1,0.8,0.05,18,0.30666666666666664,63,0.9532062391681109,184
Hangzhou,2,0.8,0.05,19,0.32666666666666666,64,0.9761700300558179,76
Hangzhou,3,0.8,0.05,25,0.31333333333333335,61,0.9460352422907489,160
Hangzhou,4,0.8,0.05,21,0.2733333333333333,65,0.9715781600598354,100
Hangzhou,0,0.8,0.1,35,0.32,60,0.9620328257860391,139
Hangzhou,1,0.8,0.1,37,0.3466666666666667,58,0.9530136722511072,187
Hangzhou,2,0.8,0.1,39,0.3466666666666667,60,0.9753112924001718,81
Hangzhou,3,0.8,0.1,43,0.34,57,0.9451541850220264,160
Hangzhou,4,0.8,0.1,42,0.31333333333333335,60,0.9708302169035153,104
Hangzhou,0,0.8,0.2,45,0.32,60,0.9624283171841013,137
Hangzhou,1,0.8,0.2,44,0.34,60,0.9518582707490854,194
Hangzhou,2,0.8,0.2,51,0.36,58,0.9753112924001718,82
Hangzhou,3,0.8,0.2,54,0.3333333333333333,59,0.9458149779735683,158
Hangzhou,4,0.8,0.2,55,0.32666666666666666,60,0.9719521316379955,99
Hangzhou,0,0.85,0.05,5,0.3,62,0.9632192999802255,133
Hangzhou,1,0.85,0.05,4,0.3,65,0.9541690737531292,180
Hangzhou,2,0.85,0.05,7,0.32666666666666666,63,0.976599398883641,75
Hangzhou,3,0.85,0.05,6,0.29333333333333333,64,0.9466960352422907,157
Hangzhou,4,0.85,0.05,6,0.2733333333333333,67,0.9712041884816754,100
Hangzhou,0,0.85,0.1,13,0.32,60,0.9634170456792565,133
Hangzhou,1,0.85,0.1,10,0.31333333333333335,63,0.9547467745041401,179
Hangzhou,2,0.85,0.1,14,0.3333333333333333,62,0.9761700300558179,77
Hangzhou,3,0.85,0.1,13,0.31333333333333335,62,0.9475770925110132,153
Hangzhou,4,0.85,0.1,13,0.29333333333333333,63,0.9721391174270756,98
Hangzhou,0,0.85,0.2,15,0.32666666666666666,59,0.9638125370773186,130
Hangzhou,1,0.85,0.2,10,0.31333333333333335,63,0.9547467745041401,179
Hangzhou,2,0.85,0.2,18,0.34,61,0.976599398883641,76
Hangzhou,3,0.85,0.2,15,0.32,60,0.9460352422907489,159
Hangzhou,4,0.85,0.2,17,0.3,62,0.9717651458489155,99
Hangzhou,0,0.9,0.05,2,0.28,66,0.9638125370773186,130
Hangzhou,1,0.9,0.05,1,0.30666666666666664,64,0.9533988060851146,184
Hangzhou,2,0.9,0.05,1,0.3,66,0.9774581365392873,71
Hangzhou,3,0.9,0.05,2,0.2866666666666667,66,0.9462555066079296,158
Hangzhou,4,0.9,0.05,2,0.26666666666666666,68,0.9730740463724757,91
Hangzhou,0,0.9,0.1,2,0.28,66,0.9638125370773186,130
Hangzhou,1,0.9,0.1,1,0.30666666666666664,64,0.9533988060851146,184
Hangzhou,2,0.9,0.1,1,0.3,66,0.9774581365392873,71
Hangzhou,3,0.9,0.1,2,0.2866666666666667,66,0.9462555066079296,158
Hangzhou,4,0.9,0.1,2,0.26666666666666666,68,0.9730740463724757,91
Hangzhou,0,0.9,0.2,2,0.28,66,0.9638125370773186,130
Hangzhou,1,0.9,0.2,1,0.30666666666666664,64,0.9533988060851146,184
Hangzhou,2,0.9,0.2,1,0.3,66,0.9774581365392873,71
Hangzhou,3,0.9,0.2,2,0.2866666666666667,66,0.9462555066079296,158
Hangzhou,4,0.9,0.2,2,0.26666666666666666,68,0.9730740463724757,91
