Original_ID,lon,lat,Class,margin,Human_Class,Conf,WC_local,WC_bams,City,DW_raw,ESRI_raw,WC_ee_raw,WC_C3,DW_C3,ESRI_C3,WC_ee_C3
9847,114.37103160706614,30.860139365707365,2,0.36,1.0,high,2,2,Wuhan,6,7,10,2.0,1,1,2
5089,114.28299670922245,30.4673060919619,2,0.5433333333333333,1.0,high,2,2,Wuhan,6,7,60,2.0,1,1,2
9948,114.7681767941754,30.681105129582345,2,0.5266666666666667,2.0,low,2,2,Wuhan,0,1,10,2.0,3,3,2
5474,114.31021566233126,30.706527452122923,2,0.3533333333333333,1.0,high,2,2,Wuhan,6,7,60,2.0,1,1,2
9953,113.93669616719436,30.35977775245279,2,0.4933333333333333,2.0,med,2,2,Wuhan,4,5,40,2.0,2,2,2
6412,114.47703281059223,30.35097426266842,2,0.2699999999999999,1.0,high,2,2,Wuhan,6,7,60,2.0,1,1,2
9192,114.6637925581607,30.60358052056283,2,0.3,1.0,high,2,2,Wuhan,6,7,60,2.0,1,1,2
4001,114.4013946636694,30.4523042267171,1,0.3433333333333334,2.0,high,1,1,Wuhan,6,7,50,1.0,1,1,1
12096,114.5224875639687,30.99030525037628,3,0.3133333333333333,3.0,med,3,3,Wuhan,0,1,80,3.0,3,3,3
9912,114.61995477229569,30.746143156152595,2,0.56,1.0,low,2,2,Wuhan,6,7,10,2.0,1,1,2
1409,113.90148220805688,30.458502602177525,1,0.4733333333333334,2.0,med,1,1,Wuhan,6,7,50,1.0,1,1,1
7604,114.51009081304784,30.49012330017853,2,0.5166666666666667,1.0,high,2,2,Wuhan,6,7,60,2.0,1,1,2
9476,114.43633912822165,31.16188346964311,2,0.5433333333333333,3.0,high,2,2,Wuhan,0,1,30,2.0,3,3,2
5282,114.06272980155632,30.4154733000682,2,0.3366666666666666,1.0,high,2,2,Wuhan,6,7,60,2.0,1,1,2
4708,114.4263678285679,30.483745261661284,1,0.5066666666666666,2.0,low,1,1,Wuhan,6,7,50,1.0,1,1,1
7342,114.28362552992132,30.71182751229923,2,0.2233333333333333,1.0,high,2,2,Wuhan,6,7,60,2.0,1,1,2
14813,114.28784761175667,30.56962420282311,3,0.2433333333333333,2.0,med,3,3,Wuhan,0,1,80,3.0,3,3,3
5800,114.59803587936317,30.75449748829491,2,0.45,2.0,high,2,2,Wuhan,4,5,40,2.0,2,2,2
9546,113.98340856196856,30.693771375088428,2,0.2266666666666666,1.0,high,2,2,Wuhan,6,7,30,2.0,1,1,2
6321,114.91325471256069,31.000635876143654,2,0.5266666666666666,2.0,med,2,2,Wuhan,6,7,30,2.0,1,1,2
7863,114.0616518232154,30.410263071420307,2,0.3133333333333333,1.0,high,2,2,Wuhan,6,7,60,2.0,1,1,2
8554,114.66630784095624,30.711468186185584,2,0.4566666666666666,2.0,high,2,2,Wuhan,0,1,30,2.0,3,3,2
6530,114.24616578257351,30.46568912445048,2,0.3566666666666666,1.0,high,2,2,Wuhan,6,7,10,2.0,1,1,2
11090,114.80599586763682,30.670055851587673,3,0.43,3.0,med,3,3,Wuhan,0,5,80,3.0,3,2,3
6553,114.09884207597791,30.4259835888924,2,0.2866666666666666,1.0,med,2,2,Wuhan,6,7,30,2.0,1,1,2
6212,114.05446530094244,30.44071595955196,2,0.2133333333333333,1.0,high,2,2,Wuhan,6,7,60,2.0,1,1,2
9165,114.06802986173264,30.263208859409943,2,0.2766666666666667,1.0,high,2,2,Wuhan,7,5,60,2.0,2,2,2
6773,114.25460994624426,30.38969165141397,2,0.2866666666666667,1.0,high,2,2,Wuhan,6,7,60,2.0,1,1,2
3996,114.38055374907782,30.99434766915482,1,0.4666666666666666,1.0,high,1,1,Wuhan,6,7,50,1.0,1,1,1
7889,114.0633586222552,30.6123840103472,2,0.3433333333333334,1.0,high,2,2,Wuhan,6,7,60,2.0,1,1,2
11040,114.38863858663488,30.274797126575084,3,0.36,3.0,med,3,3,Wuhan,0,1,80,3.0,3,3,3
2351,114.57899159533982,30.66763040032055,1,0.5266666666666666,2.0,med,1,1,Wuhan,6,7,50,1.0,1,1,1
1217,114.55249129445828,30.667360905735315,1,0.54,2.0,med,1,1,Wuhan,7,7,50,1.0,2,1,1
2484,114.70924731153714,30.803096345165773,1,0.4833333333333333,2.0,high,1,1,Wuhan,6,7,50,1.0,1,1,1
9041,114.22119261767502,30.48877582725235,2,0.3133333333333333,1.0,med,2,2,Wuhan,6,7,30,2.0,1,1,2
5586,114.1760073588838,30.373072818657757,2,0.4733333333333334,2.0,med,2,2,Wuhan,7,7,30,2.0,2,1,2
5765,114.45610206447226,30.95482179665356,2,0.29,1.0,high,2,2,Wuhan,0,1,30,2.0,3,3,2
5265,114.43795609573306,31.324927693710805,2,0.4633333333333333,3.0,high,2,2,Wuhan,6,7,30,2.0,1,1,2
13936,114.63639394199504,30.841364576269264,3,0.49,2.0,low,3,3,Wuhan,4,5,80,3.0,2,2,3
1148,114.82063840676796,30.817828715825335,1,0.26,1.0,med,1,1,Wuhan,6,7,50,1.0,1,1,1
5418,114.11932366445586,30.65756926913841,2,0.37,1.0,high,2,2,Wuhan,6,7,60,2.0,1,1,2
6636,114.2211027861466,30.97036265106883,2,0.3966666666666666,2.0,med,2,2,Wuhan,6,7,60,2.0,1,1,2
9666,114.41567787668689,30.752880520783492,2,0.2433333333333333,2.0,high,2,2,Wuhan,6,7,30,2.0,1,1,2
8241,114.55842017533348,30.518420231628298,2,0.4066666666666667,2.0,high,2,2,Wuhan,6,5,10,2.0,1,2,2
9684,114.04431433823189,30.63591987079113,2,0.4933333333333333,1.0,high,2,2,Wuhan,6,7,60,2.0,1,1,2
8894,114.31470723875184,31.249469209844765,2,0.5533333333333332,3.0,high,2,2,Wuhan,6,7,30,2.0,1,1,2
7984,114.57764412241364,30.820613493206103,2,0.5133333333333333,2.0,high,2,2,Wuhan,0,1,10,2.0,3,3,2
7445,114.28039159489848,30.87550055706581,2,0.51,3.0,high,2,2,Wuhan,0,1,10,2.0,3,3,2
3173,114.189571919674,30.648496284768804,1,0.5,1.0,high,1,1,Wuhan,6,7,50,1.0,1,1,1
9637,114.1654970700596,30.4214920124718,2,0.3466666666666667,2.0,high,2,2,Wuhan,6,7,30,2.0,1,1,2
4587,114.40687438690252,30.816481242899155,1,0.5166666666666666,2.0,high,1,1,Wuhan,6,1,50,1.0,1,3,1
8367,114.59174767237432,30.682542434036932,2,0.4833333333333334,2.0,med,2,2,Wuhan,6,7,60,2.0,1,1,2
10636,114.1142930988648,30.59549568300575,3,0.41,2.0,med,3,3,Wuhan,7,1,80,3.0,2,3,3
5450,114.21975531322042,30.722607295708663,2,0.41,1.0,high,2,2,Wuhan,6,7,10,2.0,1,1,2
7582,114.11123882689878,30.748748270476543,2,0.2733333333333334,2.0,med,2,2,Wuhan,6,7,10,2.0,1,1,2
4596,114.3413872026902,30.505035333894917,1,0.4266666666666666,1.0,med,1,1,Wuhan,6,7,50,1.0,1,1,1
10175,114.02985146215757,30.72817685047021,3,0.3066666666666667,3.0,med,3,3,Wuhan,0,1,80,3.0,3,3,3
5054,114.25209466344872,30.638704648171903,2,0.24,1.0,high,2,2,Wuhan,6,7,60,2.0,1,1,2
7452,114.08033678112508,30.33489441908268,2,0.52,1.0,high,2,2,Wuhan,6,7,30,2.0,1,1,2
1804,114.18031927224756,30.548693456703127,1,0.56,2.0,high,1,1,Wuhan,6,7,50,1.0,1,1,1
9869,114.72290170385575,30.92293160406732,2,0.44,2.0,med,2,2,Wuhan,6,7,60,2.0,1,1,2
3934,114.1504053732864,30.521564335122715,1,0.4399999999999999,2.0,high,1,1,Wuhan,6,7,50,1.0,1,1,1
10479,114.32467853840558,30.470989184626788,3,0.3999999999999999,3.0,med,3,3,Wuhan,0,1,80,3.0,3,3,3
5286,114.00182402529302,30.596214335233046,2,0.5466666666666667,3.0,med,2,2,Wuhan,6,7,30,2.0,1,1,2
8465,114.41927113782336,30.775158739829656,2,0.5,2.0,med,2,2,Wuhan,6,7,40,2.0,1,1,2
14403,114.5592286590892,30.75916872777233,3,0.3,2.0,med,3,3,Wuhan,0,1,80,3.0,3,3,3
2697,114.2633236045002,30.32330615191754,1,0.36,2.0,high,1,1,Wuhan,6,7,50,1.0,1,1,1
2501,114.43418317153974,30.612294178818782,1,0.4600000000000001,2.0,high,1,1,Wuhan,6,7,50,1.0,1,1,1
7809,113.86231566166926,30.3974171628574,2,0.47,2.0,med,2,2,Wuhan,0,1,30,2.0,3,3,2
1871,115.01296770909796,30.94664712756807,1,0.54,2.0,high,1,1,Wuhan,6,7,50,1.0,1,1,1
8722,114.4457714387049,30.42867853474476,2,0.4966666666666667,2.0,med,2,2,Wuhan,6,7,10,2.0,1,1,2
6186,114.40489809327744,30.797616621932644,2,0.4566666666666666,1.0,high,2,2,Wuhan,6,7,60,2.0,1,1,2
4549,114.34480080076986,30.35528617603219,1,0.4066666666666667,2.0,high,1,1,Wuhan,6,7,50,1.0,1,1,1
7668,114.2880272748135,31.368675648047425,2,0.4066666666666667,2.0,med,2,2,Wuhan,7,8,60,2.0,2,2,2
7159,114.20259749129372,30.549771435044068,2,0.2233333333333333,1.0,high,2,2,Wuhan,6,7,10,2.0,1,1,2
9537,114.49050753985404,31.150564697063203,2,0.5133333333333334,2.0,med,2,2,Wuhan,0,1,10,2.0,3,3,2
9488,114.17879213626456,30.59486686230687,2,0.4666666666666667,1.0,high,2,2,Wuhan,8,7,10,2.0,2,1,2
2961,114.40741337607298,30.41134104976125,1,0.54,1.0,med,1,1,Wuhan,6,7,50,1.0,1,1,1
2025,114.1488782373034,30.21110657293101,1,0.5266666666666667,2.0,high,1,1,Wuhan,0,5,50,1.0,3,2,1
6382,114.39816072864656,30.48185879956463,2,0.4133333333333333,2.0,med,2,2,Wuhan,6,7,10,2.0,1,1,2
2695,114.39977769615795,30.080132204506384,1,0.54,2.0,high,1,1,Wuhan,6,7,50,1.0,1,1,1
13903,114.05518395316972,30.590285454357858,3,0.3266666666666667,3.0,med,3,3,Wuhan,0,1,80,3.0,3,3,3
865,114.15363930830922,30.523810123333018,1,0.5466666666666666,2.0,high,1,1,Wuhan,6,7,50,1.0,1,1,1
6614,114.26799484397765,30.483745261661284,2,0.3999999999999999,2.0,med,2,2,Wuhan,6,7,30,2.0,1,1,2
9548,114.50254496466124,30.768151880613523,2,0.3433333333333334,2.0,med,2,2,Wuhan,0,1,30,2.0,3,3,2
2602,114.051321197448,30.63771650135937,1,0.3133333333333333,2.0,high,1,1,Wuhan,6,7,50,1.0,1,1,1
6224,114.58770525359576,30.845586658104622,2,0.5566666666666666,2.0,med,2,2,Wuhan,4,5,30,2.0,2,2,2
6076,114.36411457937842,31.18074809060962,2,0.54,2.0,med,2,2,Wuhan,6,7,10,2.0,1,1,2
1793,114.0369481529021,30.374779617697587,1,0.34,2.0,high,1,1,Wuhan,3,1,50,1.0,3,3,1
11166,114.79952799759116,30.71488178426524,3,0.4299999999999999,3.0,med,3,3,Wuhan,0,1,80,3.0,3,3,3
7768,114.43328485625564,30.94098774127812,2,0.3666666666666667,2.0,med,2,2,Wuhan,6,7,30,2.0,1,1,2
442,114.25999983794895,30.615438282313207,1,0.52,1.0,med,1,1,Wuhan,6,7,50,1.0,1,1,1
3595,113.90893822491506,30.466317945149367,1,0.3266666666666666,1.0,med,1,1,Wuhan,6,5,50,1.0,1,2,1
3828,114.39142336401568,30.52129484053748,1,0.4733333333333334,2.0,high,1,1,Wuhan,6,7,50,1.0,1,1,1
194,114.51009081304784,30.51437781284976,1,0.4466666666666667,2.0,high,1,1,Wuhan,6,7,50,1.0,1,1,1
2183,114.77230904448234,30.96766770521647,1,0.5533333333333332,1.0,med,1,1,Wuhan,6,7,50,1.0,1,1,1
7451,114.51781632449128,30.85070705522411,2,0.55,2.0,med,2,2,Wuhan,4,5,10,2.0,2,2,2
12076,114.39672342419196,30.1982606643681,3,0.5066666666666666,3.0,med,3,3,Wuhan,0,1,80,3.0,3,3,3
3950,114.05787889902209,30.60825176004025,1,0.5066666666666666,2.0,high,1,1,Wuhan,6,7,50,1.0,1,1,1
11211,114.6601094654958,30.701317223475034,3,0.5566666666666668,3.0,med,3,3,Wuhan,0,1,80,3.0,3,3,3
8213,114.90229526609444,31.00584610479155,2,0.3866666666666667,1.0,high,2,2,Wuhan,6,7,10,2.0,1,1,2
6621,114.74913251015204,30.899755069737033,2,0.4133333333333333,1.0,high,2,2,Wuhan,6,7,10,2.0,1,1,2
236,113.98781030686077,30.544471374867765,1,0.5466666666666666,2.0,high,1,1,Wuhan,6,7,50,1.0,1,1,1
5045,114.02544971726536,30.447004166540797,2,0.4866666666666666,2.0,med,2,2,Wuhan,6,5,60,2.0,1,2,2
11100,114.45771903198369,30.52875085739567,3,0.4866666666666666,3.0,med,3,3,Wuhan,0,1,80,3.0,3,3,3
7271,114.3555805841793,30.716229257191415,2,0.3333333333333333,1.0,high,2,2,Wuhan,6,7,60,2.0,1,1,2
7119,114.27760681751772,30.79519117066552,2,0.4833333333333333,1.0,high,2,2,Wuhan,6,7,40,2.0,1,1,2
1326,114.1549867812354,30.42095302330133,1,0.56,2.0,high,1,1,Wuhan,6,7,50,1.0,1,1,1
6347,114.18400236491246,30.763031483494043,2,0.4933333333333333,2.0,med,2,2,Wuhan,3,1,30,2.0,3,3,2
13501,114.50164664937712,31.07268076193004,3,0.4499999999999999,3.0,med,3,3,Wuhan,0,1,80,3.0,3,3,3
1627,114.46256993451792,30.505304828480153,1,0.2833333333333333,2.0,high,1,1,Wuhan,6,7,50,1.0,1,1,1
378,114.37722998252656,30.92993846328345,1,0.56,1.0,med,1,1,Wuhan,6,7,50,1.0,1,1,1
4440,114.77410567505058,30.912511146771532,1,0.5066666666666666,1.0,med,1,1,Wuhan,6,7,50,1.0,1,1,1
2208,114.83860471245036,30.866247909639377,1,0.5466666666666666,2.0,high,1,1,Wuhan,6,7,50,1.0,1,1,1
4374,114.27473220860854,30.334804587554267,1,0.4266666666666667,2.0,high,1,1,Wuhan,6,7,50,1.0,1,1,1
7214,114.49877204046794,30.385379738050197,2,0.32,1.0,high,2,2,Wuhan,6,7,10,2.0,1,1,2
9225,114.09381151038686,30.516443938003235,2,0.3533333333333333,1.0,high,2,2,Wuhan,6,7,30,2.0,1,1,2
7484,114.40687438690252,30.36849141070875,2,0.42,2.0,med,2,2,Wuhan,6,7,60,2.0,1,1,2
5907,114.60243762425532,30.72323611640755,2,0.4933333333333333,1.0,high,2,2,Wuhan,6,7,60,2.0,1,1,2
11768,114.38890808122012,30.658198089837295,3,0.55,2.0,med,3,3,Wuhan,0,8,80,3.0,3,2,3
13807,114.40813202830029,30.57959550247684,3,0.4433333333333333,3.0,med,3,3,Wuhan,0,1,80,3.0,3,3,3
7793,114.71131343669062,30.853402001076468,2,0.31,1.0,high,2,2,Wuhan,6,7,60,2.0,1,1,2
8123,114.42313389354509,30.449160123222683,2,0.27,1.0,high,2,2,Wuhan,6,7,30,2.0,1,1,2
4607,114.27042029524476,30.47988250593957,1,0.3799999999999999,2.0,high,1,1,Wuhan,6,7,50,1.0,1,1,1
6580,113.989606937429,30.68658485281547,2,0.3266666666666666,1.0,high,2,2,Wuhan,6,7,60,2.0,1,1,2
7877,114.54009454353744,30.91619423943642,2,0.5033333333333333,2.0,med,2,2,Wuhan,4,5,30,2.0,2,2,2
1158,114.7485935209816,30.741382085146764,1,0.32,2.0,high,1,1,Wuhan,6,1,50,1.0,1,3,1
8387,114.22954694981732,30.587051519335027,2,0.3633333333333334,1.0,high,2,2,Wuhan,6,7,10,2.0,1,1,2
4399,113.78128762304168,30.319982385366295,1,0.5533333333333332,2.0,high,1,1,Wuhan,6,7,50,1.0,1,1,1
11931,114.11680838166032,30.628374022404525,3,0.4733333333333333,3.0,med,3,3,Wuhan,0,1,80,3.0,3,3,3
6266,114.55545573489589,30.80776758464319,2,0.5566666666666666,2.0,med,2,2,Wuhan,0,1,30,2.0,3,3,2
1032,114.41927113782336,30.900833048077978,1,0.4533333333333333,2.0,high,1,1,Wuhan,6,7,50,1.0,1,1,1
3152,114.78039388203942,30.9626371396254,1,0.4266666666666667,2.0,high,1,1,Wuhan,6,7,50,1.0,1,1,1
5609,114.38783010287918,30.07357450293231,2,0.37,2.0,med,2,2,Wuhan,0,1,60,2.0,3,3,2
4119,113.89896692526132,30.291326127802883,1,0.5466666666666666,2.0,high,1,1,Wuhan,6,7,50,1.0,1,1,1
7264,114.33033792469551,30.861486838633542,2,0.4733333333333334,1.0,high,2,2,Wuhan,6,7,10,2.0,1,1,2
5221,114.8126434007393,30.65990488887712,2,0.5533333333333332,2.0,med,2,2,Wuhan,6,7,30,2.0,1,1,2
13415,114.34857372496316,30.70778509352069,3,0.51,2.0,med,3,3,Wuhan,0,1,80,3.0,3,3,3
356,114.50991114999104,31.0445634935371,1,0.48,2.0,high,1,1,Wuhan,1,7,50,1.0,2,1,1
1228,114.31650386932009,30.64454369751868,1,0.48,1.0,med,1,1,Wuhan,6,7,50,1.0,1,1,1
8164,114.31380892346772,31.06980615302086,2,0.5266666666666666,2.0,med,2,2,Wuhan,6,7,10,2.0,1,1,2
6480,114.02212595071413,30.441614274836077,2,0.4899999999999999,1.0,high,2,2,Wuhan,6,7,30,2.0,1,1,2
11377,114.31461740722344,30.609509401438014,3,0.2633333333333333,2.0,med,3,3,Wuhan,0,1,80,3.0,3,3,3
12890,114.00829189533869,30.74758046060719,3,0.3966666666666666,2.0,med,3,3,Wuhan,0,1,80,3.0,3,3,3
5182,113.74266006582454,30.442422758591785,2,0.3333333333333333,2.0,med,2,2,Wuhan,6,7,60,2.0,1,1,2
7368,114.3842368417427,30.355914996731077,2,0.3666666666666667,2.0,med,2,2,Wuhan,6,1,30,2.0,1,3,2
8289,114.03057011438484,30.79312504551205,2,0.35,2.0,high,2,2,Wuhan,4,5,40,2.0,2,2,2
2742,114.32351072853622,30.4748519403485,1,0.2966666666666666,2.0,high,1,1,Wuhan,6,7,50,1.0,1,1,1
9555,114.5998325099314,30.75476698288014,2,0.56,2.0,high,2,2,Wuhan,6,7,40,2.0,1,1,2
6997,113.94010976527402,30.50871842655981,2,0.3799999999999999,1.0,med,2,2,Wuhan,6,7,10,2.0,1,1,2
9358,112.72199424000794,27.979152418007647,2,0.4633333333333333,2.0,high,2,2,Changsha,6,7,10,2.0,1,1,2
7015,113.11527667139546,28.096023236471595,2,0.29,1.0,high,2,2,Changsha,6,7,10,2.0,1,1,2
8825,112.5480804010024,28.238675703589777,2,0.3999999999999999,1.0,high,2,2,Changsha,6,7,10,2.0,1,1,2
6953,113.37363214710824,28.270296401590784,2,0.3366666666666667,2.0,low,2,2,Changsha,6,7,60,2.0,1,1,2
8352,112.13126210917096,28.105096220841205,2,0.4266666666666666,2.0,med,2,2,Changsha,6,7,30,2.0,1,1,2
12379,113.04161481809768,28.19618539065092,3,0.3966666666666666,1.0,med,3,3,Changsha,0,1,80,3.0,3,3,3
7845,112.5781739630204,28.240113008044368,2,0.4833333333333333,3.0,low,2,2,Changsha,0,7,60,2.0,3,1,2
5675,113.31344502307223,28.207055005588767,2,0.3466666666666667,1.0,high,2,2,Changsha,6,7,60,2.0,1,1,2
2399,112.87910958320045,27.99783737591733,1,0.4933333333333333,2.0,med,1,1,Changsha,6,7,50,1.0,1,1,1
4129,112.94288996837294,28.057395679254455,1,0.3266666666666666,2.0,med,1,1,Changsha,6,7,50,1.0,1,1,1
9399,112.910191292031,28.495324380262723,2,0.53,2.0,high,2,2,Changsha,6,7,10,2.0,1,1,2
13669,111.99597582738254,27.991908495042143,3,0.5166666666666666,3.0,low,3,3,Changsha,0,1,80,3.0,3,3,3
7646,113.43426842878632,28.19555656995204,2,0.5733333333333333,2.0,high,2,2,Changsha,1,7,10,2.0,2,1,2
7754,112.88216385516644,28.271284548403315,2,0.3833333333333333,1.0,high,2,2,Changsha,6,7,60,2.0,1,1,2
6066,113.83761199135596,28.28574742447764,2,0.5133333333333334,3.0,low,2,2,Changsha,0,1,60,2.0,3,3,2
7204,112.8456922546312,28.29625771330184,2,0.5233333333333334,1.0,high,2,2,Changsha,6,7,60,2.0,1,1,2
2217,112.99544141249392,27.987327087093135,1,0.56,2.0,med,1,1,Changsha,6,7,50,1.0,1,1,1
6490,113.03622492639296,28.431903321203883,2,0.47,3.0,high,2,2,Changsha,0,1,60,2.0,3,3,2
7958,113.0328113283133,28.23894519817501,2,0.37,1.0,high,2,2,Changsha,0,7,10,2.0,3,1,2
10962,112.0009165614452,27.989213549189785,3,0.35,2.0,low,3,3,Changsha,0,1,80,3.0,3,3,3
13421,113.3793813649266,28.132315173950023,3,0.4766666666666666,3.0,med,3,3,Changsha,0,1,80,3.0,3,3,3
1975,113.04987931871156,28.265804825170186,1,0.5766666666666667,1.0,med,1,1,Changsha,6,7,50,1.0,1,1,1
9697,113.23088984846164,28.303983224745267,2,0.37,1.0,high,2,2,Changsha,6,5,10,2.0,1,2,2
8854,112.09380236182317,28.044909096805196,2,0.5866666666666667,3.0,med,2,2,Changsha,1,7,10,2.0,2,1,2
464,113.07359484221232,28.180195378593595,1,0.48,2.0,high,1,1,Changsha,6,7,50,1.0,1,1,1
5561,112.48403052124468,28.080931539698387,2,0.5933333333333333,2.0,high,2,2,Changsha,6,7,40,2.0,1,1,2
8414,113.60360085984284,28.428310060067407,2,0.3,1.0,low,2,2,Changsha,6,7,10,2.0,1,1,2
4050,112.97406150873188,28.236968904549947,1,0.3733333333333333,1.0,high,1,1,Changsha,6,7,50,1.0,1,1,1
5441,112.60314712791892,27.892195498504876,2,0.5566666666666666,2.0,med,2,2,Changsha,6,7,10,2.0,1,1,2
9532,112.43695880035682,28.2118160765946,2,0.3666666666666666,2.0,med,2,2,Changsha,6,7,10,2.0,1,1,2
6003,112.98043954724912,28.06628900056724,2,0.4066666666666667,1.0,high,2,2,Changsha,6,7,10,2.0,1,1,2
6236,112.80104598501046,28.214331359390137,2,0.5833333333333333,3.0,high,2,2,Changsha,6,7,10,2.0,1,1,2
5268,112.79889002832856,28.4973905054162,2,0.48,1.0,high,2,2,Changsha,6,7,60,2.0,1,1,2
9493,113.13818371114051,28.134650793688735,2,0.4266666666666667,2.0,low,2,2,Changsha,6,7,60,2.0,1,1,2
2540,112.99669905389167,28.294910240375657,1,0.4633333333333333,2.0,med,1,1,Changsha,6,7,50,1.0,1,1,1
3273,112.73205537119009,28.0238885191568,1,0.52,2.0,high,1,1,Changsha,6,7,50,1.0,1,1,1
9938,112.581138403458,28.05658719549875,2,0.3999999999999999,1.0,high,2,2,Changsha,6,7,10,2.0,1,1,2
5080,113.4086664431889,28.344856570172706,2,0.5666666666666667,2.0,high,2,2,Changsha,6,7,40,2.0,1,1,2
4047,112.11167883597714,27.92498400637524,1,0.4666666666666667,2.0,high,1,1,Changsha,6,7,50,1.0,1,1,1
7153,112.1542589804444,28.033410661168464,2,0.2766666666666666,2.0,high,2,2,Changsha,6,7,10,2.0,1,1,2
11906,112.97837342209566,28.377195920401007,3,0.34,3.0,med,3,3,Changsha,0,1,80,3.0,3,3,3
1926,112.52957510614954,28.105635210011673,1,0.4066666666666667,2.0,high,1,1,Changsha,6,7,50,1.0,1,1,1
11141,112.7758033255267,28.44744417561915,3,0.4133333333333333,3.0,low,3,3,Changsha,0,1,80,3.0,3,3,3
1452,113.10979694816234,28.41968623333986,1,0.57,2.0,high,1,1,Changsha,6,7,50,1.0,1,1,1
1537,113.50523533623176,28.24029267110119,1,0.56,2.0,high,1,1,Changsha,6,7,50,1.0,1,1,1
5654,112.58787576808888,28.325273296978896,2,0.2466666666666666,2.0,low,2,2,Changsha,6,7,10,2.0,1,1,2
8050,113.22469147300124,28.48373611309758,2,0.5733333333333333,2.0,low,2,2,Changsha,6,7,10,2.0,1,1,2
10234,113.16944508302788,28.06682798973771,3,0.5,3.0,med,3,3,Changsha,0,1,80,3.0,3,3,3
5127,112.45438611686872,28.100245318306957,2,0.3,3.0,high,2,2,Changsha,0,1,10,2.0,3,3,2
7719,113.74975675656908,28.29805434387008,2,0.4433333333333333,1.0,high,2,2,Changsha,6,7,10,2.0,1,1,2
7241,112.68390567196128,28.0682652941923,2,0.3999999999999999,2.0,high,2,2,Changsha,6,7,60,2.0,1,1,2
6705,112.90785567229229,28.10222161193202,2,0.5333333333333333,2.0,high,2,2,Changsha,1,7,10,2.0,2,1,2
10171,113.3357232421184,28.32698009601873,3,0.5033333333333334,3.0,low,3,3,Changsha,0,1,80,3.0,3,3,3
4048,113.19010633456264,28.424896461987753,1,0.4933333333333333,2.0,high,1,1,Changsha,6,7,50,1.0,1,1,1
282,112.99229730899953,28.220170408736912,1,0.5533333333333333,1.0,med,1,1,Changsha,6,7,50,1.0,1,1,1
9893,112.32736433569424,28.23427395869759,2,0.3733333333333333,2.0,low,2,2,Changsha,6,7,10,2.0,1,1,2
6515,113.92888082422252,28.230411202975876,2,0.4533333333333333,3.0,high,2,2,Changsha,0,1,60,2.0,3,3,2
7626,113.33635206281728,28.148844175177825,2,0.5533333333333333,2.0,high,2,2,Changsha,1,7,10,2.0,2,1,2
10360,112.64330182111908,28.466488459642488,3,0.3366666666666666,2.0,high,3,3,Changsha,0,1,80,3.0,3,3,3
9661,111.97944682615474,28.203192249867055,2,0.4933333333333333,2.0,high,2,2,Changsha,6,7,10,2.0,1,1,2
1013,113.11231223095788,28.297066197057543,1,0.48,2.0,med,1,1,Changsha,6,7,50,1.0,1,1,1
6178,112.79583575636256,28.473674981915444,2,0.55,2.0,med,2,2,Changsha,6,7,40,2.0,1,1,2
13792,113.08976451732649,28.109677628790212,3,0.2433333333333333,2.0,med,3,3,Changsha,0,1,80,3.0,3,3,3
12454,112.8366192702616,28.356983826508316,3,0.3833333333333333,3.0,med,3,3,Changsha,0,1,80,3.0,3,3,3
2504,112.94055434863422,28.22187720777674,1,0.42,1.0,high,1,1,Changsha,6,7,50,1.0,1,1,1
6407,112.84353629794931,28.089645197954347,2,0.2566666666666667,1.0,low,2,2,Changsha,6,7,10,2.0,1,1,2
5804,113.06254556421766,28.282693152511634,2,0.5266666666666667,2.0,high,2,2,Changsha,6,7,10,2.0,1,1,2
8239,113.2824531457701,28.38878418756615,2,0.3266666666666666,2.0,high,2,2,Changsha,6,7,40,2.0,1,1,2
737,112.46283028053946,28.257899650669938,1,0.5833333333333334,2.0,low,1,1,Changsha,1,7,50,1.0,2,1,1
5000,112.59955386678244,27.935314632142617,2,0.3733333333333333,2.0,low,2,2,Changsha,6,7,10,2.0,1,1,2
4271,112.97442083484552,28.208222815458125,1,0.5633333333333334,2.0,med,1,1,Changsha,6,7,50,1.0,1,1,1
1335,113.05499971583104,28.273530336613614,1,0.5033333333333334,2.0,low,1,1,Changsha,6,7,50,1.0,1,1,1
34,113.10314941505986,28.295539061074543,1,0.5633333333333332,3.0,low,1,1,Changsha,6,7,50,1.0,1,1,1
3487,112.52670049724036,28.252869085078864,1,0.5133333333333334,1.0,high,1,1,Changsha,6,7,50,1.0,1,1,1
7355,113.13854303725417,28.13483045674556,2,0.5366666666666666,2.0,low,2,2,Changsha,6,7,40,2.0,1,1,2
4053,112.09829393824376,28.10689285140944,1,0.5466666666666666,2.0,med,1,1,Changsha,6,7,50,1.0,1,1,1
9271,112.38162257885506,28.15144928950177,2,0.2099999999999999,1.0,high,2,2,Changsha,6,7,10,2.0,1,1,2
10273,112.48465934194355,28.224302659043865,3,0.3633333333333333,2.0,high,3,3,Changsha,6,7,80,3.0,1,1,3
4401,112.62111343360132,28.42615410338552,1,0.4733333333333333,2.0,med,1,1,Changsha,6,7,50,1.0,1,1,1
1254,112.48816277155164,28.255474199402812,1,0.4333333333333333,1.0,low,1,1,Changsha,6,7,50,1.0,1,1,1
4370,112.75613022080448,28.468824079381196,1,0.52,1.0,low,1,1,Changsha,6,7,50,1.0,1,1,1
6997,112.34551030443345,28.165103681820387,2,0.24,2.0,low,2,2,Changsha,6,7,10,2.0,1,1,2
9408,113.0441301008932,28.29949164832467,2,0.3733333333333333,2.0,low,2,2,Changsha,6,7,10,2.0,1,1,2
1743,113.0147551911025,28.24397576376608,1,0.3466666666666667,3.0,med,1,1,Changsha,0,1,50,1.0,3,3,1
3382,112.3270050095806,27.979421912592883,1,0.5933333333333334,3.0,med,1,1,Changsha,6,7,50,1.0,1,1,1
10976,112.70034484166068,28.4763699277678,3,0.5666666666666667,3.0,low,3,3,Changsha,0,1,80,3.0,3,3,3
9321,112.8817146975244,28.265355667528127,2,0.4366666666666667,1.0,high,2,2,Changsha,6,7,10,2.0,1,1,2
6932,112.72001794638288,28.48149032488728,2,0.4133333333333334,2.0,high,2,2,Changsha,6,7,10,2.0,1,1,2
5774,113.44585669595143,28.433250794130064,2,0.4533333333333332,3.0,low,2,2,Changsha,0,1,30,2.0,3,3,2
901,112.978014095982,28.237148567606773,1,0.4,1.0,high,1,1,Changsha,6,7,50,1.0,1,1,1
6934,112.943339126015,27.987955907792017,2,0.3966666666666666,1.0,high,2,2,Changsha,6,7,30,2.0,1,1,2
9579,113.74625332696102,28.100514812892193,2,0.5933333333333333,2.0,high,2,2,Changsha,1,2,10,2.0,2,2,2
12868,112.65201547937502,28.32590211767778,3,0.3533333333333333,3.0,med,3,3,Changsha,0,1,80,3.0,3,3,3
8258,113.21013876539848,28.53260446455368,2,0.55,2.0,low,2,2,Changsha,6,7,30,2.0,1,1,2
6223,113.47307564906028,28.024697002912507,2,0.3533333333333333,2.0,high,2,2,Changsha,1,7,10,2.0,2,1,2
7827,112.97109706829428,28.324824139336837,2,0.5066666666666666,2.0,high,2,2,Changsha,1,7,10,2.0,2,1,2
9432,112.32278292774522,27.963072574421908,2,0.5066666666666666,2.0,high,2,2,Changsha,6,7,10,2.0,1,1,2
2609,112.83473280816494,28.168786774485277,1,0.4766666666666666,2.0,med,1,1,Changsha,1,7,50,1.0,2,1,1
14914,113.63072998142324,28.1404000115071,3,0.5933333333333333,2.0,med,3,3,Changsha,0,1,80,3.0,3,3,3
12286,112.62910843963,28.096023236471595,3,0.47,3.0,high,3,3,Changsha,0,1,80,3.0,3,3,3
13352,112.58787576808888,28.185675101826725,3,0.4299999999999999,3.0,high,3,3,Changsha,0,1,80,3.0,3,3,3
5889,112.63656445648816,28.411062406612313,2,0.4733333333333333,2.0,low,2,2,Changsha,6,7,10,2.0,1,1,2
5768,114.15714273791728,28.380879013065897,2,0.5,2.0,low,2,2,Changsha,6,7,30,2.0,1,1,2
6204,113.46400266469068,28.221248387077857,2,0.5033333333333333,2.0,low,2,2,Changsha,7,7,10,2.0,2,1,2
8426,113.53613738200546,28.119828591500763,2,0.3933333333333333,2.0,low,2,2,Changsha,1,7,10,2.0,2,1,2
5216,113.90812974115936,28.389682502850267,2,0.5533333333333332,2.0,high,2,2,Changsha,6,7,10,2.0,1,1,2
5225,113.30239574507756,28.511494055376875,2,0.5933333333333333,3.0,high,2,2,Changsha,6,7,30,2.0,1,1,2
9574,113.11087492650329,28.04967016781103,2,0.4933333333333333,2.0,high,2,2,Changsha,1,7,10,2.0,2,1,2
8708,112.7767016408108,28.413038700237376,2,0.5233333333333334,3.0,high,2,2,Changsha,0,1,10,2.0,3,3,2
5852,113.6168060945194,27.950675823501054,2,0.36,2.0,low,2,2,Changsha,6,7,10,2.0,1,1,2
2357,112.04780861927624,28.02721228570804,1,0.47,2.0,high,1,1,Changsha,6,7,50,1.0,1,1,1
393,112.91441337386634,27.99765771286051,1,0.3633333333333333,2.0,high,1,1,Changsha,6,7,50,1.0,1,1,1
6907,112.90812516687753,28.201395619298815,2,0.51,3.0,high,2,2,Changsha,0,7,40,2.0,3,1,2
1475,112.80248328946504,28.46954273160849,1,0.56,2.0,low,1,1,Changsha,6,7,50,1.0,1,1,1
5365,113.08688990841728,28.33829886859863,2,0.5933333333333333,2.0,low,2,2,Changsha,6,7,10,2.0,1,1,2
3806,113.80293702138896,28.03835139523112,1,0.52,2.0,high,1,1,Changsha,6,7,50,1.0,1,1,1
6599,113.2486764910872,28.562608195043275,2,0.44,2.0,high,2,2,Changsha,6,7,40,2.0,1,1,2
2658,113.05104712858092,28.217565294412967,1,0.5266666666666666,2.0,low,1,1,Changsha,6,7,50,1.0,1,1,1
1831,112.9855599443686,28.16914610059893,1,0.5833333333333334,2.0,high,1,1,Changsha,6,7,50,1.0,1,1,1
6177,113.29314309765114,28.11237257464257,2,0.3533333333333334,3.0,med,2,2,Changsha,6,7,10,2.0,1,1,2
10994,112.76637101504345,28.36219405515621,3,0.5566666666666666,3.0,high,3,3,Changsha,0,7,80,3.0,3,1,3
7871,113.21337270042132,28.12512865167707,2,0.5133333333333333,3.0,high,2,2,Changsha,0,1,10,2.0,3,3,2
7469,112.76834730866852,28.339826004581635,2,0.4533333333333333,3.0,high,2,2,Changsha,4,5,30,2.0,2,2,2
4886,112.88746391534276,28.219900914151676,1,0.5733333333333333,1.0,high,1,1,Changsha,6,7,50,1.0,1,1,1
1346,112.94666289256624,28.14219664207534,1,0.5866666666666667,3.0,high,1,1,Changsha,1,7,50,1.0,2,1,1
10031,112.79691373470352,28.27209303215902,3,0.5766666666666667,2.0,high,3,3,Changsha,0,1,80,3.0,3,3,3
3354,113.67357962047576,28.253947063419808,1,0.4466666666666667,2.0,high,1,1,Changsha,6,7,50,1.0,1,1,1
853,112.01115735568416,28.09575374188636,1,0.54,2.0,high,1,1,Changsha,6,7,50,1.0,1,1,1
48,112.9508849744016,28.24478424752179,1,0.3866666666666666,1.0,low,1,1,Changsha,6,7,50,1.0,1,1,1
5978,113.62551975277536,28.186932743224492,2,0.4333333333333333,2.0,low,2,2,Changsha,6,7,30,2.0,1,1,2
4826,113.33239947556716,28.10626403071056,1,0.52,1.0,low,1,1,Changsha,6,7,50,1.0,1,1,1
108,113.88082095652211,28.413308194822612,1,0.5166666666666667,2.0,high,1,1,Changsha,6,7,50,1.0,1,1,1
14590,112.4367791373,28.09952666607966,3,0.5,3.0,med,3,3,Changsha,0,1,80,3.0,3,3,3
7514,113.44944995708794,28.34018533069528,2,0.3533333333333333,2.0,low,2,2,Changsha,6,7,40,2.0,1,1,2
8812,113.05787432474024,28.01903761662255,2,0.2466666666666666,2.0,med,2,2,Changsha,6,7,10,2.0,1,1,2
1212,113.12264285672524,28.271284548403315,1,0.2833333333333332,3.0,high,1,1,Changsha,6,7,50,1.0,1,1,1
12456,113.62713672028676,28.138333886353625,3,0.5233333333333333,1.0,high,3,3,Changsha,0,1,80,3.0,3,3,3
5393,112.8765943004049,27.971696401149455,2,0.4766666666666667,2.0,med,2,2,Changsha,6,7,10,2.0,1,1,2
3068,112.15641493712629,27.99136950587167,1,0.28,2.0,high,1,1,Changsha,1,7,50,1.0,2,1,1
13673,112.917826971946,28.076709457863025,3,0.4733333333333333,2.0,high,3,3,Changsha,0,1,80,3.0,3,3,3
9368,113.29637703267396,28.201305787770405,2,0.4733333333333334,2.0,low,2,2,Changsha,6,5,10,2.0,1,2,2
6642,112.52607167654148,28.06637883209565,2,0.4866666666666667,2.0,low,2,2,Changsha,6,7,60,2.0,1,1,2
3106,112.9118980910708,28.236519746907888,1,0.5133333333333334,1.0,high,1,1,Changsha,6,7,50,1.0,1,1,1
8589,113.21615747780208,28.12881174434196,2,0.5266666666666666,2.0,high,2,2,Changsha,6,7,30,2.0,1,1,2
9373,112.5548177656333,28.027302117236452,2,0.4733333333333334,3.0,med,2,2,Changsha,6,7,40,2.0,1,1,2
13875,112.611231965476,28.003227267622048,3,0.3666666666666667,3.0,high,3,3,Changsha,0,1,80,3.0,3,3,3
3156,112.87398918608096,28.18872937379273,1,0.3866666666666666,1.0,high,1,1,Changsha,0,7,50,1.0,3,1,1
309,112.72415019668983,28.46612913352884,1,0.4866666666666666,1.0,high,1,1,Changsha,6,7,50,1.0,1,1,1
5410,113.14581939105553,28.206246521833062,2,0.3166666666666666,2.0,low,2,2,Changsha,6,7,60,2.0,1,1,2
6618,113.317756936436,28.28071685888657,2,0.3166666666666666,1.0,low,2,2,Changsha,6,7,60,2.0,1,1,2
5321,116.09597661563244,28.367763609917752,2,0.4866666666666667,1.0,high,2,2,Nanchang,6,7,10,2.0,1,1,2
7389,115.81543275240192,28.751164573179963,2,0.4533333333333333,1.0,high,2,2,Nanchang,6,7,60,2.0,1,1,2
3495,116.49779304221912,28.309373116449983,1,0.41,1.0,med,1,1,Nanchang,6,7,50,1.0,1,1,1
7813,115.90247950343311,28.798056631011,2,0.35,1.0,high,2,2,Nanchang,6,7,60,2.0,1,1,2
8776,116.19353365548784,28.266613308925898,2,0.5133333333333333,2.0,med,2,2,Nanchang,6,7,30,2.0,1,1,2
8547,115.88388437705184,28.4973905054162,2,0.4066666666666667,1.0,high,2,2,Nanchang,6,7,60,2.0,1,1,2
3625,115.48790699981194,28.75053575248108,1,0.3266666666666666,2.0,high,1,1,Nanchang,6,7,50,1.0,1,1,1
9818,115.79459183781036,28.844679194256805,2,0.3266666666666666,2.0,med,2,2,Nanchang,6,7,30,2.0,1,1,2
8320,116.0662423797281,28.588030517583856,2,0.33,3.0,med,2,2,Nanchang,0,1,10,2.0,3,3,2
6723,116.1399940645543,28.297515354699605,2,0.3366666666666666,1.0,high,2,2,Nanchang,6,7,60,2.0,1,1,2
14189,116.100019034411,28.52775356201944,3,0.29,3.0,med,3,3,Nanchang,7,1,80,3.0,2,3,3
6414,116.12741765057665,28.251611443681096,2,0.3266666666666666,2.0,med,2,2,Nanchang,6,7,60,2.0,1,1,2
7466,115.85181452140876,28.637617521267256,2,0.4733333333333333,3.0,med,2,2,Nanchang,6,7,30,2.0,1,1,2
6441,116.48449797601414,28.465051155187897,2,0.4833333333333333,2.0,med,2,2,Nanchang,1,2,10,2.0,2,2,2
2535,116.32917926338988,28.267062466567953,1,0.2466666666666666,2.0,high,1,1,Nanchang,6,7,50,1.0,1,1,1
5164,115.7993529088162,28.500983766552675,2,0.4666666666666667,2.0,med,2,2,Nanchang,6,7,60,2.0,1,1,2
12250,116.1234650633265,28.78314459729462,3,0.4,2.0,med,3,3,Nanchang,7,1,80,3.0,2,3,3
7016,115.7680017054004,28.67822137210946,2,0.34,1.0,high,2,2,Nanchang,6,7,60,2.0,1,1,2
5178,115.88918443722814,28.51634495791112,2,0.4566666666666667,1.0,high,2,2,Nanchang,6,7,30,2.0,1,1,2
9197,115.745453991769,28.792397244721048,2,0.3533333333333333,2.0,med,2,2,Nanchang,6,7,10,2.0,1,1,2
7434,116.06498473833032,28.964334790101525,2,0.4266666666666666,2.0,med,2,2,Nanchang,4,5,30,2.0,2,2,2
10643,115.8595400328522,28.355546522053725,3,0.4833333333333334,2.0,med,3,3,Nanchang,0,7,80,3.0,3,1,3
9094,115.94496981637197,28.510595740092754,2,0.3199999999999999,2.0,med,2,2,Nanchang,6,7,30,2.0,1,1,2
9375,115.86510958761372,28.77874285240243,2,0.1799999999999999,1.0,high,2,2,Nanchang,6,7,60,2.0,1,1,2
951,115.849029744028,28.71092004845141,1,0.43,2.0,high,1,1,Nanchang,6,7,50,1.0,1,1,1
13675,116.42224472682466,28.687474019535887,3,0.4633333333333332,3.0,med,3,3,Nanchang,0,1,80,3.0,3,3,3
9005,116.43176686883632,28.502690565592506,2,0.53,2.0,med,2,2,Nanchang,6,7,30,2.0,1,1,2
8912,115.9331120546216,28.283860962380988,2,0.37,3.0,med,2,2,Nanchang,6,7,30,2.0,1,1,2
8289,115.77815266811096,28.742540746452416,2,0.3966666666666666,2.0,med,2,2,Nanchang,7,8,60,2.0,2,2,2
12604,116.09615627868928,28.774251275981836,3,0.38,2.0,med,3,3,Nanchang,0,1,80,3.0,3,3,3
7058,116.07693233160911,28.99586565657412,2,0.54,2.0,med,2,2,Nanchang,6,7,30,2.0,1,1,2
8472,116.43410248857504,28.367583946860925,2,0.31,2.0,med,2,2,Nanchang,6,7,10,2.0,1,1,2
8252,116.15068401643532,28.811711023329615,2,0.3333333333333333,1.0,high,2,2,Nanchang,6,7,30,2.0,1,1,2
5201,115.77851199422462,28.71298617360488,2,0.3866666666666666,2.0,med,2,2,Nanchang,6,7,60,2.0,1,1,2
7099,116.34867270505528,28.66789074634208,2,0.4533333333333333,1.0,high,2,2,Nanchang,6,7,10,2.0,1,1,2
1412,116.32873010574782,28.26778111879525,1,0.3933333333333333,2.0,high,1,1,Nanchang,6,7,50,1.0,1,1,1
5629,116.4029309482161,28.4823886401714,2,0.4766666666666667,2.0,med,2,2,Nanchang,6,7,30,2.0,1,1,2
3382,116.05330663963676,28.742181420338767,1,0.5066666666666666,2.0,high,1,1,Nanchang,6,7,50,1.0,1,1,1
9377,116.01575706076058,29.048506932223525,2,0.4366666666666666,2.0,med,2,2,Nanchang,0,1,60,2.0,3,3,2
9968,116.38819857755654,28.686396041194943,2,0.54,2.0,med,2,2,Nanchang,6,5,10,2.0,1,2,2
4916,116.23099340283562,28.890852599860548,1,0.4133333333333334,2.0,high,1,1,Nanchang,0,1,50,1.0,3,3,1
8938,116.18374201889092,28.261133585692765,2,0.3066666666666666,1.0,high,2,2,Nanchang,6,7,30,2.0,1,1,2
11865,116.3511879878508,28.67786204599581,3,0.4566666666666666,3.0,med,3,3,Nanchang,0,1,80,3.0,3,3,3
8043,115.75973720478652,28.37351282773611,2,0.4399999999999999,2.0,med,2,2,Nanchang,6,7,10,2.0,1,1,2
12460,116.14421614638968,28.749547605668543,3,0.4933333333333333,3.0,med,3,3,Nanchang,0,1,80,3.0,3,3,3
5664,116.0940901535358,28.602134067544533,2,0.4966666666666667,2.0,med,2,2,Nanchang,0,5,30,2.0,3,2,2
5472,116.18508949181712,28.36030759305956,2,0.4366666666666666,2.0,med,2,2,Nanchang,6,7,30,2.0,1,1,2
14541,115.75156253570104,28.377465414986244,3,0.4700000000000001,2.0,med,3,3,Nanchang,0,1,80,3.0,3,3,3
7124,115.89520314963174,28.928132684151507,2,0.35,3.0,med,2,2,Nanchang,6,7,30,2.0,1,1,2
9217,116.14682126071362,28.993440205306996,2,0.4566666666666666,2.0,med,2,2,Nanchang,6,5,30,2.0,1,2,2
9726,116.16173329443,28.192053140343972,2,0.33,2.0,med,2,2,Nanchang,0,5,60,2.0,3,2,2
6224,115.82818882943644,28.668339903984144,2,0.3166666666666666,1.0,high,2,2,Nanchang,6,7,60,2.0,1,1,2
11133,116.07369839658628,28.325003802393663,3,0.22,3.0,med,3,3,Nanchang,7,1,80,3.0,2,3,3
5432,116.11996163371845,28.356983826508316,2,0.4933333333333333,1.0,high,2,2,Nanchang,6,7,30,2.0,1,1,2
5166,115.74069292076318,28.69816397141691,2,0.3333333333333333,1.0,high,2,2,Nanchang,6,7,60,2.0,1,1,2
7669,116.07783064689325,28.45867311667065,2,0.5266666666666666,3.0,med,2,2,Nanchang,7,11,60,2.0,2,2,2
3030,115.90481512317182,28.60195440448771,1,0.4499999999999999,2.0,high,1,1,Nanchang,6,7,50,1.0,1,1,1
7320,115.8339380472548,28.604469687283245,2,0.4166666666666666,1.0,high,2,2,Nanchang,6,7,60,2.0,1,1,2
4860,115.72164863673984,28.726730397451913,1,0.3399999999999999,2.0,high,1,1,Nanchang,1,7,50,1.0,2,1,1
14984,115.99285002101551,28.86516078273473,3,0.47,2.0,med,3,3,Nanchang,0,1,80,3.0,3,3,3
2724,116.03111825211904,28.748379795799192,1,0.3233333333333333,1.0,med,1,1,Nanchang,6,7,50,1.0,1,1,1
5742,115.61879153670816,28.422201516135395,2,0.52,3.0,med,2,2,Nanchang,6,7,10,2.0,1,1,2
5952,115.75111337805896,28.39453340538451,2,0.44,3.0,med,2,2,Nanchang,0,1,60,2.0,3,3,2
6580,115.9647327526226,28.63240729261936,2,0.4566666666666666,2.0,med,2,2,Nanchang,6,7,40,2.0,1,1,2
8737,116.49437944413944,28.31718845942182,2,0.2266666666666666,2.0,med,2,2,Nanchang,6,7,10,2.0,1,1,2
10881,115.68796181358536,28.93693617393588,3,0.4033333333333333,2.0,med,3,3,Nanchang,0,1,80,3.0,3,3,3
14832,115.80770724095848,28.384382442673964,3,0.52,2.0,med,3,3,Nanchang,7,1,80,3.0,2,3,3
5702,115.9956347983963,28.588210180640683,2,0.5066666666666666,2.0,med,2,2,Nanchang,0,7,60,2.0,3,1,2
2428,116.27528034634273,28.368572093673457,1,0.47,2.0,high,1,1,Nanchang,0,1,50,1.0,3,3,1
4239,116.00596542416368,28.382316317520488,1,0.5133333333333333,2.0,high,1,1,Nanchang,0,1,50,1.0,3,3,1
8007,116.20206765068696,28.404235210453,2,0.3933333333333333,2.0,med,2,2,Nanchang,6,7,30,2.0,1,1,2
6055,116.32226223570215,28.45741547527288,2,0.4066666666666667,3.0,med,2,2,Nanchang,0,5,30,2.0,3,2,2
4184,116.18383185041934,28.28853220185841,1,0.26,2.0,high,1,1,Nanchang,1,2,50,1.0,2,2,1
4643,115.76395928662188,28.688192671763183,1,0.2466666666666666,2.0,high,1,1,Nanchang,6,7,50,1.0,1,1,1
8454,115.90813888972306,28.74882895344125,2,0.5433333333333333,2.0,med,2,2,Nanchang,6,7,30,2.0,1,1,2
8178,116.02285375150512,28.71568111945724,2,0.4433333333333333,1.0,high,2,2,Nanchang,6,7,10,2.0,1,1,2
8761,116.20718804780644,28.23202817048729,2,0.4166666666666667,2.0,med,2,2,Nanchang,0,5,30,2.0,3,2,2
120,115.93293239156476,28.627915716198764,1,0.47,1.0,med,1,1,Nanchang,6,7,50,1.0,1,1,1
14343,115.89583197033062,28.60923075828908,3,0.3066666666666666,2.0,med,3,3,Nanchang,0,1,80,3.0,3,3,3
6775,115.77482890155972,28.63698870056837,2,0.39,1.0,high,2,2,Nanchang,6,7,60,2.0,1,1,2
2960,115.5551009830641,28.820694176170814,1,0.26,2.0,high,1,1,Nanchang,6,7,50,1.0,1,1,1
3557,115.72470290870584,28.627466558556705,1,0.3233333333333333,1.0,med,1,1,Nanchang,6,7,50,1.0,1,1,1
4648,116.14646193459996,28.83318075862007,1,0.3933333333333333,2.0,high,1,1,Nanchang,3,7,50,1.0,3,1,1
4813,116.0151282400617,28.86435229897902,1,0.35,3.0,med,1,1,Nanchang,0,7,50,1.0,3,1,1
104,116.19299466631736,28.1915141511735,1,0.4599999999999999,1.0,med,1,1,Nanchang,6,7,50,1.0,1,1,1
14903,116.41263275328458,28.55721830333856,3,0.3733333333333333,2.0,med,3,3,Nanchang,0,1,80,3.0,3,3,3
1919,115.58654201800827,28.555062346656673,1,0.4599999999999999,2.0,high,1,1,Nanchang,6,7,50,1.0,1,1,1
9525,115.94200537593436,28.860938700899368,2,0.5366666666666666,2.0,med,2,2,Nanchang,6,5,60,2.0,1,2,2
5458,115.99051440127684,28.454810360948933,2,0.5,2.0,med,2,2,Nanchang,0,1,30,2.0,3,3,2
7250,116.07693233160911,28.39022149202074,2,0.4666666666666667,3.0,med,2,2,Nanchang,0,5,40,2.0,3,2,2
14053,116.02689617028366,28.933612407384636,3,0.42,2.0,med,3,3,Nanchang,0,1,80,3.0,3,3,3
2738,116.03947258426132,28.40261824294159,1,0.2833333333333333,2.0,high,1,1,Nanchang,6,7,50,1.0,1,1,1
6186,115.99976704870323,28.84979959137629,2,0.5133333333333334,2.0,med,2,2,Nanchang,4,1,30,2.0,2,3,2
9834,115.88559117609168,28.840007954779384,2,0.4033333333333333,2.0,med,2,2,Nanchang,6,7,10,2.0,1,1,2
2686,115.83384821572638,28.621537677681516,1,0.5266666666666666,3.0,med,1,1,Nanchang,0,1,50,1.0,3,3,1
393,116.23126289742083,28.210917761310483,1,0.3633333333333334,2.0,high,1,1,Nanchang,6,7,50,1.0,1,1,1
4343,115.86223497870456,28.829677329012007,1,0.3833333333333333,1.0,med,1,1,Nanchang,6,7,50,1.0,1,1,1
8426,115.76665423247424,28.642198929216264,2,0.4766666666666666,1.0,high,2,2,Nanchang,6,7,60,2.0,1,1,2
6303,116.23925790344953,28.964244958573115,2,0.3266666666666666,2.0,med,2,2,Nanchang,0,1,90,2.0,3,3,3
14010,116.29369580966716,28.29949164832467,3,0.36,3.0,med,3,3,Nanchang,0,1,80,3.0,3,3,3
4930,115.91954749383136,28.50313972323456,1,0.5266666666666666,2.0,high,1,1,Nanchang,6,7,50,1.0,1,1,1
4402,115.8912505623816,28.68477907368353,1,0.5366666666666666,2.0,high,1,1,Nanchang,0,7,50,1.0,3,1,1
5716,115.94784442528116,28.80290753354525,2,0.3933333333333332,2.0,med,2,2,Nanchang,6,7,10,2.0,1,1,2
8498,115.75075405194532,28.447893333261213,2,0.2499999999999999,2.0,med,2,2,Nanchang,6,7,30,2.0,1,1,2
10686,116.02141644705053,29.067910542360504,3,0.4233333333333333,2.0,med,3,3,Nanchang,7,1,80,3.0,2,3,3
4508,115.82369725301582,28.53745536708793,1,0.45,1.0,med,1,1,Nanchang,0,5,50,1.0,3,2,1
6333,115.96437342650894,29.002962347318665,2,0.51,2.0,med,2,2,Nanchang,6,7,30,2.0,1,1,2
7170,115.81228864890753,28.532514633025272,2,0.5,2.0,med,2,2,Nanchang,7,7,30,2.0,2,1,2
10890,116.42898209145557,28.670585692194443,3,0.3533333333333334,3.0,med,3,3,Nanchang,0,1,80,3.0,3,3,3
10319,116.08277138095588,28.598989964050116,3,0.47,3.0,med,3,3,Nanchang,0,1,80,3.0,3,3,3
6513,115.58842848010492,28.818089061846862,2,0.32,1.0,high,2,2,Nanchang,6,7,10,2.0,1,1,2
6363,115.77006783055388,28.660614392540715,2,0.3466666666666667,2.0,med,2,2,Nanchang,6,7,10,2.0,1,1,2
2863,115.967876856117,28.725113429940496,1,0.5299999999999999,2.0,high,1,1,Nanchang,6,7,50,1.0,1,1,1
9247,115.6280441841346,28.873155788763395,2,0.41,2.0,med,2,2,Nanchang,6,7,40,2.0,1,1,2
6461,115.6552631372434,28.85752510281971,2,0.45,1.0,high,2,2,Nanchang,6,7,10,2.0,1,1,2
6847,116.22901710921056,28.201754945412464,2,0.4533333333333332,2.0,med,2,2,Nanchang,0,1,30,2.0,3,3,2
6178,116.0211469524653,28.489575162444357,2,0.4533333333333333,2.0,med,2,2,Nanchang,0,1,30,2.0,3,3,2
6430,115.92170345051326,28.587581359941797,2,0.5266666666666666,2.0,med,2,2,Nanchang,6,7,10,2.0,1,1,2
4063,115.8032156645379,28.636629374454724,1,0.41,1.0,med,1,1,Nanchang,6,7,50,1.0,1,1,1
1708,115.79629863685018,28.563416678798983,1,0.5166666666666667,1.0,med,1,1,Nanchang,6,7,50,1.0,1,1,1
601,116.52797643576552,28.370278892713287,1,0.4933333333333333,2.0,high,1,1,Nanchang,1,7,50,1.0,2,1,1
12774,116.03462168172707,28.47169868829038,3,0.5233333333333333,2.0,med,3,3,Nanchang,0,1,80,3.0,3,3,3
8330,115.69290254764802,28.39426391079928,2,0.4533333333333333,2.0,med,2,2,Nanchang,6,7,30,2.0,1,1,2
8899,115.62400176535606,28.46612913352884,2,0.4166666666666667,3.0,med,2,2,Nanchang,1,1,10,2.0,2,3,2
7084,116.08097475038764,28.718555728366425,2,0.3466666666666666,2.0,med,2,2,Nanchang,0,1,10,2.0,3,3,2
10584,115.67736169323275,28.367314452275693,3,0.5166666666666667,3.0,med,3,3,Nanchang,0,5,80,3.0,3,2,3
2157,115.6116948459636,28.851057232774053,1,0.3333333333333333,1.0,med,1,1,Nanchang,6,7,50,1.0,1,1,1
13035,115.91442709671188,28.780359819913848,3,0.5166666666666667,3.0,med,3,3,Nanchang,0,1,80,3.0,3,3,3
6127,116.03812511133516,28.337670047899746,2,0.2933333333333333,2.0,med,2,2,Nanchang,1,2,10,2.0,2,2,2
1041,115.9257458692918,28.74325939867971,1,0.4266666666666666,1.0,med,1,1,Nanchang,6,7,50,1.0,1,1,1
8745,115.83681265616396,28.594857713743167,2,0.2266666666666666,2.0,med,2,2,Nanchang,6,7,60,2.0,1,1,2
6398,115.871487626131,28.643995559784504,2,0.43,2.0,med,2,2,Nanchang,6,7,40,2.0,1,1,2
9159,115.88011145285851,28.711818363735528,2,0.4733333333333334,2.0,med,2,2,Nanchang,6,7,10,2.0,1,1,2
4546,115.92691367916116,28.413667520936254,1,0.37,2.0,high,1,1,Nanchang,6,7,50,1.0,1,1,1
9462,115.97147011725347,29.02811517527401,2,0.5166666666666666,2.0,med,2,2,Nanchang,6,7,10,2.0,1,1,2
14949,116.16200278901523,28.811172034159146,3,0.5166666666666666,3.0,med,3,3,Nanchang,7,1,80,3.0,2,3,3
3553,116.3961037520568,28.51266186524623,1,0.4133333333333333,1.0,med,1,1,Nanchang,6,7,50,1.0,1,1,1
8184,115.76431861273552,28.64237859227309,2,0.3133333333333333,2.0,med,2,2,Nanchang,6,7,60,2.0,1,1,2
7364,116.32621482295228,28.252509758965218,2,0.52,2.0,med,2,2,Nanchang,6,7,10,2.0,1,1,2
9545,115.9603310077304,28.862016679240313,2,0.5066666666666666,2.0,med,2,2,Nanchang,1,11,60,2.0,2,2,2
7616,115.59399803486646,28.42292016836269,2,0.49,2.0,med,2,2,Nanchang,6,7,30,2.0,1,1,2
14104,116.5233051962881,28.499097304456026,3,0.4733333333333333,2.0,med,3,3,Nanchang,0,1,80,3.0,3,3,3
5322,115.931674750167,28.517153441666828,2,0.4766666666666667,2.0,med,2,2,Nanchang,6,7,10,2.0,1,1,2
3185,115.94928172973572,28.302096762648613,1,0.4266666666666667,1.0,med,1,1,Nanchang,6,5,50,1.0,1,2,1
7418,115.80420381135043,28.705260662161457,2,0.3,2.0,med,2,2,Nanchang,6,7,60,2.0,1,1,2
7599,116.11349376367278,28.67238232276268,2,0.3566666666666667,2.0,med,2,2,Nanchang,6,7,30,2.0,1,1,2
8946,115.74132174146206,28.623244476721343,2,0.3033333333333333,2.0,med,2,2,Nanchang,6,7,60,2.0,1,1,2
5656,115.83950760201633,28.65845843585883,2,0.4066666666666667,2.0,med,2,2,Nanchang,6,7,30,2.0,1,1,2
13160,115.98763979236764,28.86471162509267,3,0.3966666666666667,3.0,med,3,3,Nanchang,0,1,80,3.0,3,3,3
7619,116.21653052676128,28.658727930444066,2,0.26,2.0,med,2,2,Nanchang,0,5,90,2.0,3,2,3
6209,117.30133606386404,32.325291594106304,2,0.5566666666666666,2.0,med,2,2,Hefei,6,7,10,2.0,1,1,2
6315,116.830529023457,31.938836358878085,2,0.34,2.0,med,2,2,Hefei,6,7,10,2.0,1,1,2
899,116.8177729464225,31.75396307340629,1,0.36,2.0,high,1,1,Hefei,6,7,50,1.0,1,1,1
9364,117.23989129843024,32.165121978947795,2,0.2733333333333334,1.0,high,2,2,Hefei,6,7,60,2.0,1,1,2
6192,117.60388865155548,32.02148136501708,2,0.4266666666666667,2.0,high,2,2,Hefei,6,7,40,2.0,1,1,2
6699,117.42943582337946,31.81522817578324,2,0.3366666666666666,1.0,high,2,2,Hefei,6,7,60,2.0,1,1,2
5203,117.23737601563472,31.71030495059808,2,0.4033333333333332,2.0,high,2,2,Hefei,6,7,30,2.0,1,1,2
6556,116.98665621983696,31.727283109467937,2,0.3133333333333333,1.0,high,2,2,Hefei,6,7,40,2.0,1,1,2
8014,117.25704912035694,32.335352725288445,2,0.4333333333333333,2.0,high,2,2,Hefei,6,7,30,2.0,1,1,2
7227,117.4507258956131,32.155599836936126,2,0.2866666666666666,2.0,med,2,2,Hefei,6,7,10,2.0,1,1,2
9047,117.15733612381966,31.764473362230486,2,0.3533333333333333,1.0,high,2,2,Hefei,6,7,30,2.0,1,1,2
12037,117.45566662967576,31.81936042609019,3,0.3966666666666666,3.0,high,3,3,Hefei,0,1,80,3.0,3,3,3
6943,116.99860381311576,32.52363960883989,2,0.2733333333333334,1.0,high,2,2,Hefei,6,7,30,2.0,1,1,2
9516,117.4371613348229,32.10709081159367,2,0.3266666666666666,2.0,high,2,2,Hefei,6,7,30,2.0,1,1,2
6115,117.17054135849622,31.671138404210467,2,0.5866666666666667,2.0,high,2,2,Hefei,6,7,10,2.0,1,1,2
7266,117.00758696595696,31.83993184609653,2,0.3866666666666667,2.0,high,2,2,Hefei,6,7,60,2.0,1,1,2
92,117.2892088075284,31.728989908507764,1,0.5333333333333333,2.0,med,1,1,Hefei,0,7,50,1.0,3,1,1
8713,116.99159695389962,31.821606214300488,2,0.26,1.0,high,2,2,Hefei,6,5,60,2.0,1,2,2
2551,117.75489545081597,32.20339021005128,1,0.48,1.0,med,1,1,Hefei,6,7,50,1.0,1,1,1
9196,117.77250243038472,32.19431722568168,2,0.4033333333333332,3.0,high,2,2,Hefei,0,1,30,2.0,3,3,2
2418,117.02995501653152,32.49381554140712,1,0.45,3.0,med,1,1,Hefei,6,7,50,1.0,1,1,1
5348,117.20288070872452,32.50800892289622,2,0.34,2.0,med,2,2,Hefei,0,1,30,2.0,3,3,2
4182,116.96716277817156,31.57726445701998,1,0.4733333333333334,2.0,high,1,1,Hefei,6,7,50,1.0,1,1,1
5698,117.4830652458414,31.90029863318936,2,0.3799999999999999,2.0,med,2,2,Hefei,6,7,60,2.0,1,1,2
4251,117.3139124778417,31.927787080883416,1,0.5800000000000001,2.0,high,1,1,Hefei,6,7,50,1.0,1,1,1
8877,116.809598277337,31.89338160550164,2,0.36,1.0,med,2,2,Hefei,6,7,10,2.0,1,1,2
9506,117.52348943362678,31.94970597381593,2,0.32,2.0,high,2,2,Hefei,8,7,30,2.0,2,1,2
5836,117.4529716838234,31.77893623830481,2,0.5066666666666666,1.0,high,2,2,Hefei,6,7,30,2.0,1,1,2
3100,117.40086939734448,31.80408906626016,1,0.5766666666666667,2.0,med,1,1,Hefei,0,1,50,1.0,3,3,1
5675,117.45180387395403,31.80004664748162,2,0.3866666666666667,2.0,med,2,2,Hefei,6,5,60,2.0,1,2,2
7725,117.2117740300373,31.791153326168835,2,0.32,2.0,med,2,2,Hefei,6,7,10,2.0,1,1,2
5186,117.70962036049634,32.21147504760836,2,0.5466666666666666,2.0,med,2,2,Hefei,0,5,30,2.0,3,2,2
1341,117.03112282640087,31.623797188737367,1,0.32,2.0,high,1,1,Hefei,6,7,50,1.0,1,1,1
13148,117.40994238171407,31.79591439717467,3,0.5166666666666666,3.0,high,3,3,Hefei,0,1,80,3.0,3,3,3
3493,117.38631668974172,31.935332929270015,1,0.3733333333333333,1.0,med,1,1,Hefei,6,7,50,1.0,1,1,1
8820,117.13308161114844,32.16602029423191,2,0.3833333333333333,2.0,med,2,2,Hefei,0,1,60,2.0,3,3,2
7009,117.39350321201468,31.904251220439484,2,0.4733333333333334,2.0,high,2,2,Hefei,1,7,30,2.0,2,1,2
8282,116.99195628001326,32.568465541517455,2,0.5766666666666667,2.0,med,2,2,Hefei,6,7,60,2.0,1,1,2
160,117.2252487592991,31.712999896450437,1,0.3866666666666667,1.0,med,1,1,Hefei,6,7,50,1.0,1,1,1
4794,117.07783522117508,32.06469033018323,1,0.5266666666666666,2.0,high,1,1,Hefei,6,7,50,1.0,1,1,1
3140,117.38919129865091,31.993543759680964,1,0.4566666666666666,1.0,high,1,1,Hefei,4,5,50,1.0,2,2,1
11597,116.88918901150998,31.56855079876402,3,0.52,3.0,high,3,3,Hefei,0,5,80,3.0,3,2,3
4496,117.60568528212372,31.820528235959543,1,0.4733333333333334,2.0,high,1,1,Hefei,6,7,50,1.0,1,1,1
3600,117.83664214167084,32.24390422936507,1,0.56,2.0,high,1,1,Hefei,6,7,50,1.0,1,1,1
3827,116.98342228481413,32.59002510833633,1,0.3666666666666667,2.0,med,1,1,Hefei,6,7,50,1.0,1,1,1
4335,117.02375664107107,32.55535013836931,1,0.4399999999999999,2.0,med,1,1,Hefei,4,7,50,1.0,2,1,1
8584,116.86709045552064,31.906497008649783,2,0.2266666666666666,2.0,high,2,2,Hefei,7,5,30,2.0,2,2,2
103,117.64224671418738,31.957790811373005,1,0.5666666666666667,1.0,low,1,1,Hefei,6,7,50,1.0,1,1,1
7092,117.38191494484954,31.99282510745367,2,0.5733333333333334,2.0,med,2,2,Hefei,0,1,10,2.0,3,3,2
6014,117.39143708686122,32.18120182253353,2,0.3533333333333333,2.0,high,2,2,Hefei,6,7,10,2.0,1,1,2
558,117.22848269432193,31.762137742491777,1,0.5866666666666667,2.0,high,1,1,Hefei,6,7,50,1.0,1,1,1
4095,117.47066849492056,32.02184069113073,1,0.5266666666666666,1.0,med,1,1,Hefei,6,7,50,1.0,1,1,1
3067,117.13092565446657,32.547983953039534,1,0.52,2.0,med,1,1,Hefei,6,7,50,1.0,1,1,1
9835,117.45997854303954,31.84253696042047,2,0.5433333333333333,2.0,med,2,2,Hefei,0,1,30,2.0,3,3,2
9013,117.12805104555736,31.988872520203543,2,0.3133333333333333,1.0,high,2,2,Hefei,6,7,60,2.0,1,1,2
4410,117.53453871162144,32.18937649161902,1,0.5533333333333332,2.0,high,1,1,Hefei,6,7,50,1.0,1,1,1
2023,117.46914135893756,31.751268127553928,1,0.4466666666666667,2.0,high,1,1,Hefei,6,7,50,1.0,1,1,1
9274,117.1891364848775,31.792590630623422,2,0.4266666666666667,1.0,med,2,2,Hefei,6,7,10,2.0,1,1,2
6428,117.20018576287217,32.614010126422315,2,0.3066666666666666,1.0,med,2,2,Hefei,4,7,40,2.0,2,1,2
14901,117.29414954159108,31.866611810034875,3,0.56,1.0,med,3,3,Hefei,0,7,80,3.0,3,1,3
4968,117.23225561851524,31.86508467405187,1,0.48,2.0,high,1,1,Hefei,6,7,50,1.0,1,1,1
4714,117.22542842235592,31.74084767025814,1,0.52,1.0,high,1,1,Hefei,6,7,50,1.0,1,1,1
1857,117.44704280294822,31.968211268668792,1,0.4066666666666667,2.0,high,1,1,Hefei,6,7,50,1.0,1,1,1
5887,117.19524502880952,32.19485621485215,2,0.4066666666666667,2.0,high,2,2,Hefei,4,5,40,2.0,2,2,2
3230,117.17278714670653,31.855652363568616,1,0.4399999999999999,1.0,med,1,1,Hefei,6,7,50,1.0,1,1,1
1693,117.80717740035172,32.16871524008427,1,0.4266666666666667,2.0,med,1,1,Hefei,4,5,50,1.0,2,2,1
5902,117.60820056491926,32.20195290559669,2,0.3999999999999999,2.0,med,2,2,Hefei,6,7,40,2.0,1,1,2
7767,117.31184635268822,31.999113314442504,2,0.4066666666666667,2.0,med,2,2,Hefei,6,7,10,2.0,1,1,2
6469,117.20880958959972,31.6210124113566,2,0.2933333333333333,1.0,high,2,2,Hefei,6,7,60,2.0,1,1,2
4740,117.5835867261344,31.851879439375313,1,0.54,2.0,med,1,1,Hefei,6,7,50,1.0,1,1,1
6305,117.36853004711617,32.441174265757724,2,0.5466666666666667,2.0,med,2,2,Hefei,0,1,30,2.0,3,3,2
8482,117.25094057642492,31.78270916249811,2,0.37,1.0,high,2,2,Hefei,6,7,10,2.0,1,1,2
10588,117.4229679533338,31.77803792302069,3,0.3266666666666667,2.0,med,3,3,Hefei,0,7,80,3.0,3,1,3
3019,117.26926620822096,31.80193310957827,1,0.54,2.0,low,1,1,Hefei,6,7,50,1.0,1,1,1
9197,117.027439733736,32.54483984954511,2,0.3,1.0,med,2,2,Hefei,6,7,30,2.0,1,1,2
2910,117.37239280283788,31.8750559737056,1,0.5066666666666666,1.0,high,1,1,Hefei,6,7,50,1.0,1,1,1
1410,117.50624178017168,32.08436343490545,1,0.5666666666666667,2.0,med,1,1,Hefei,6,7,50,1.0,1,1,1
8505,117.12643407804596,31.81459935508435,2,0.4733333333333334,1.0,med,2,2,Hefei,6,7,30,2.0,1,1,2
545,117.21132487239524,31.751268127553928,1,0.5433333333333333,2.0,high,1,1,Hefei,6,7,50,1.0,1,1,1
487,117.43437655744212,31.925541292673117,1,0.5133333333333334,2.0,high,1,1,Hefei,6,7,50,1.0,1,1,1
8602,117.00965309111042,32.44611499982038,2,0.28,2.0,low,2,2,Hefei,4,5,10,2.0,2,2,2
5015,116.85819713420788,31.87514580523401,2,0.5266666666666666,2.0,high,2,2,Hefei,6,5,30,2.0,1,2,2
17,117.20764177973037,31.82951138880074,1,0.4899999999999999,2.0,high,1,1,Hefei,6,7,50,1.0,1,1,1
2666,117.05699430658352,32.60314051148447,1,0.4533333333333333,2.0,high,1,1,Hefei,6,7,50,1.0,1,1,1
9688,117.72749683465032,31.96443834447549,2,0.3866666666666667,2.0,high,2,2,Hefei,6,7,40,2.0,1,1,2
1869,117.49896542637032,32.13943016182198,1,0.53,2.0,low,1,1,Hefei,6,7,50,1.0,1,1,1
7925,116.74357210395422,31.82609779072109,2,0.58,2.0,high,2,2,Hefei,4,5,40,2.0,2,2,2
2717,117.55043889215035,31.76707847655443,1,0.51,2.0,med,1,1,Hefei,6,7,50,1.0,1,1,1
13362,117.3545163286839,31.713808380206142,3,0.5566666666666666,3.0,med,3,3,Hefei,0,1,80,3.0,3,3,3
1381,117.02510411399729,32.593259043359154,1,0.5233333333333333,2.0,med,1,1,Hefei,6,7,50,1.0,1,1,1
1631,117.22704538986734,31.82133671971525,1,0.47,1.0,med,1,1,Hefei,6,7,50,1.0,1,1,1
6480,117.01657011879814,31.873528837722596,2,0.5766666666666667,3.0,high,2,2,Hefei,0,1,30,2.0,3,3,2
8345,117.3725724658947,32.05750380791027,2,0.42,2.0,high,2,2,Hefei,6,7,30,2.0,1,1,2
7918,116.76989274177892,31.889159523666276,2,0.5,2.0,high,2,2,Hefei,6,7,40,2.0,1,1,2
4487,117.3770640423153,31.916019150661448,1,0.3799999999999999,2.0,med,1,1,Hefei,6,7,50,1.0,1,1,1
4572,117.19533486033792,32.3282560345439,1,0.4133333333333333,1.0,med,1,1,Hefei,4,7,50,1.0,2,1,1
7643,117.2318962924016,32.174374626374224,2,0.24,1.0,high,2,2,Hefei,6,5,60,2.0,1,2,2
5579,117.05591632824256,32.04402907864848,2,0.4866666666666666,2.0,high,2,2,Hefei,6,5,40,2.0,1,2,2
6730,117.12948835001195,31.65847215870438,2,0.3566666666666666,3.0,med,2,2,Hefei,0,5,10,2.0,3,2,2
7413,116.92422330759064,31.80885013726599,2,0.28,1.0,high,2,2,Hefei,6,7,30,2.0,1,1,2
7131,117.30771410238128,32.21309201511978,2,0.5800000000000001,2.0,high,2,2,Hefei,6,1,30,2.0,1,3,2
9019,117.17575158714412,31.98797420491942,2,0.4666666666666666,2.0,high,2,2,Hefei,6,7,30,2.0,1,1,2
4380,117.5731662688386,32.23087865774534,1,0.26,2.0,high,1,1,Hefei,6,7,50,1.0,1,1,1
10509,117.41667974634495,32.32358479506647,3,0.4966666666666666,3.0,high,3,3,Hefei,0,1,80,3.0,3,3,3
6173,117.11277968572732,31.688925046836033,2,0.5933333333333333,1.0,med,2,2,Hefei,6,7,10,2.0,1,1,2
8537,117.28777150307384,31.884578115717265,2,0.5066666666666666,1.0,med,2,2,Hefei,6,7,10,2.0,1,1,2
2458,117.00084960132604,31.844872580159183,1,0.5800000000000001,2.0,low,1,1,Hefei,6,7,50,1.0,1,1,1
1063,116.80178293436516,31.69745904203517,1,0.4533333333333333,2.0,high,1,1,Hefei,6,5,50,1.0,1,2,1
1414,117.47120748409102,32.0727751677403,1,0.4733333333333334,2.0,high,1,1,Hefei,6,7,50,1.0,1,1,1
5922,117.46330230959076,32.076637923462016,2,0.5866666666666667,2.0,high,2,2,Hefei,0,1,10,2.0,3,3,2
3319,117.47956181623334,32.03360862135269,1,0.5666666666666667,2.0,high,1,1,Hefei,6,7,50,1.0,1,1,1
5441,117.6686571835405,31.8931121109164,2,0.5466666666666666,2.0,high,2,2,Hefei,6,7,40,2.0,1,1,2
5923,117.26333732734577,31.659999294687385,2,0.4866666666666666,2.0,med,2,2,Hefei,6,5,30,2.0,1,2,2
5220,117.14368173150103,31.80148395193621,2,0.2933333333333333,1.0,med,2,2,Hefei,6,7,10,2.0,1,1,2
8981,117.22704538986734,31.872091533268005,2,0.4433333333333333,2.0,high,2,2,Hefei,6,7,30,2.0,1,1,2
1061,117.20018576287217,31.68739791085303,1,0.5666666666666667,2.0,med,1,1,Hefei,6,7,50,1.0,1,1,1
8979,117.00938359652518,31.82627745377791,2,0.42,2.0,high,2,2,Hefei,6,7,60,2.0,1,1,2
7059,117.58277824237868,31.9156598245478,2,0.33,2.0,med,2,2,Hefei,0,1,30,2.0,3,3,2
10608,117.47821434330716,31.926259944900412,3,0.4433333333333333,2.0,med,3,3,Hefei,0,1,80,3.0,3,3,3
11720,116.8629582052137,31.551392976837334,3,0.4866666666666667,3.0,high,3,3,Hefei,0,1,80,3.0,3,3,3
4808,117.39260489673056,31.943327935298683,1,0.38,2.0,high,1,1,Hefei,6,7,50,1.0,1,1,1
7866,117.03543473976464,31.945933049622628,2,0.5900000000000001,2.0,med,2,2,Hefei,0,5,10,2.0,3,2,2
9246,117.66443510170514,31.88152384375126,2,0.34,2.0,med,2,2,Hefei,6,7,10,2.0,1,1,2
1586,117.55034906062195,31.761059764150833,1,0.5233333333333333,1.0,med,1,1,Hefei,6,7,50,1.0,1,1,1
927,117.6799759561204,31.92293617834917,1,0.5733333333333333,1.0,high,1,1,Hefei,6,7,50,1.0,1,1,1
5062,117.14952078084782,31.969738404651796,2,0.2266666666666666,1.0,high,2,2,Hefei,6,7,60,2.0,1,1,2
3617,117.3891014671225,31.934254950929073,1,0.4666666666666667,2.0,med,1,1,Hefei,6,7,50,1.0,1,1,1
3886,117.16604978207565,31.75728683995753,1,0.54,2.0,med,1,1,Hefei,6,7,50,1.0,1,1,1
824,116.88119400548132,32.58140128160878,1,0.48,1.0,med,1,1,Hefei,6,7,50,1.0,1,1,1
5973,117.03417709836688,31.825289306965377,2,0.4966666666666667,1.0,med,2,2,Hefei,6,7,60,2.0,1,1,2
2773,117.37095549838328,32.45824225615599,1,0.5733333333333333,2.0,high,1,1,Hefei,6,7,50,1.0,1,1,1
2604,117.15293437892748,31.628288765157965,1,0.5333333333333334,2.0,high,1,1,Hefei,6,7,50,1.0,1,1,1
4512,116.95791013074512,31.95276024578194,1,0.39,1.0,high,1,1,Hefei,4,5,50,1.0,2,2,1
7358,116.99941229687144,32.56595025872192,2,0.3566666666666666,1.0,high,2,2,Hefei,6,7,40,2.0,1,1,2
3118,117.38649635279856,32.07538028206425,1,0.4266666666666667,2.0,high,1,1,Hefei,6,7,50,1.0,1,1,1
2862,117.33286693033662,31.846399716142187,1,0.3366666666666666,1.0,high,1,1,Hefei,6,7,50,1.0,1,1,1
2938,117.12616458346072,31.77300735742962,1,0.4266666666666667,2.0,high,1,1,Hefei,6,7,50,1.0,1,1,1
5623,117.20836043195766,31.76644965585555,2,0.2466666666666667,2.0,med,2,2,Hefei,6,7,10,2.0,1,1,2
2745,117.2680983983516,31.718569451211977,1,0.4166666666666666,1.0,high,1,1,Hefei,6,7,50,1.0,1,1,1
5379,116.80304057576292,31.697369210506757,2,0.56,1.0,high,2,2,Hefei,6,1,30,2.0,1,3,2
630,116.94919647248918,31.791602483810895,1,0.55,3.0,high,1,1,Hefei,0,5,50,1.0,3,2,1
9306,117.09634051602796,32.065947971581,2,0.5333333333333334,2.0,high,2,2,Hefei,6,5,10,2.0,1,2,2
10405,117.15140724294449,31.756568187730235,3,0.5533333333333333,3.0,high,3,3,Hefei,0,1,80,3.0,3,3,3
3557,117.57801717137284,31.914042857036385,1,0.5666666666666667,1.0,med,1,1,Hefei,6,7,50,1.0,1,1,1
1905,117.31283449950077,31.804178897788567,1,0.5,1.0,med,1,1,Hefei,6,7,50,1.0,1,1,1
6180,117.75013437981012,32.25369586596198,2,0.5700000000000001,2.0,high,2,2,Hefei,0,5,40,2.0,3,2,2
8624,117.33358558256391,31.706801520990012,2,0.3533333333333333,2.0,med,2,2,Hefei,0,1,40,2.0,3,3,2
8013,117.28579520944876,32.01618130484078,2,0.4066666666666667,2.0,med,2,2,Hefei,4,7,30,2.0,2,1,2
6535,117.12742222485848,31.780104048174167,2,0.3999999999999999,2.0,med,2,2,Hefei,6,7,30,2.0,1,1,2
7218,117.08636921637422,32.06603780310941,2,0.32,2.0,med,2,2,Hefei,6,7,60,2.0,1,1,2
6972,118.55295874922776,31.81100609394788,2,0.2266666666666666,1.0,high,2,2,Nanjing,6,7,60,2.0,1,1,2
9022,118.5630198804099,31.82690627447679,2,0.42,1.0,med,2,2,Nanjing,6,7,60,2.0,1,1,2
6276,118.81005658354276,31.86912709283041,2,0.32,1.0,high,2,2,Nanjing,6,7,30,2.0,1,1,2
7873,119.05960856947117,31.66368238735227,2,0.3133333333333333,1.0,high,2,2,Nanjing,6,7,60,2.0,1,1,2
710,119.0508050796868,31.92572095572994,1,0.3999999999999999,2.0,med,1,1,Nanjing,6,7,50,1.0,1,1,1
9032,118.55816897787564,31.812173903817232,2,0.36,1.0,med,2,2,Nanjing,6,7,60,2.0,1,1,2
2365,118.94875646341082,31.734918789382952,1,0.3,2.0,high,1,1,Nanjing,6,7,50,1.0,1,1,1
6813,118.83997048250394,32.1922511005282,2,0.3666666666666667,2.0,high,2,2,Nanjing,6,7,40,2.0,1,1,2
7567,118.67180586131676,32.199886780443215,2,0.2866666666666666,1.0,high,2,2,Nanjing,6,7,60,2.0,1,1,2
7450,118.5563723473074,31.97854189443617,2,0.3066666666666666,1.0,high,2,2,Nanjing,6,7,10,2.0,1,1,2
9425,118.89818131291489,31.632960004635382,2,0.4599999999999999,1.0,high,2,2,Nanjing,6,7,60,2.0,1,1,2
8323,118.91938155362013,32.099814457792306,2,0.5066666666666666,1.0,high,2,2,Nanjing,6,7,40,2.0,1,1,2
6442,118.9343834188649,31.95293990883876,2,0.3133333333333333,1.0,high,2,2,Nanjing,6,7,10,2.0,1,1,2
7784,118.95333787135982,31.76743780266808,2,0.52,2.0,med,2,2,Nanjing,6,11,40,2.0,1,2,2
9505,118.93878516375707,32.055168188171564,2,0.2466666666666666,2.0,high,2,2,Nanjing,6,7,10,2.0,1,1,2
9339,118.77852571707017,31.97683509539634,2,0.36,1.0,high,2,2,Nanjing,6,7,60,2.0,1,1,2
8200,118.9968163311112,31.53962504661537,2,0.3933333333333333,3.0,low,2,2,Nanjing,0,1,60,2.0,3,3,2
4317,118.92926302174544,32.37595657613064,1,0.5066666666666666,2.0,high,1,1,Nanjing,6,7,50,1.0,1,1,1
9240,118.5923049586722,32.06226487891611,2,0.2933333333333333,1.0,high,2,2,Nanjing,6,7,60,2.0,1,1,2
4930,118.840419640146,32.198269812931805,1,0.33,2.0,low,1,1,Nanjing,6,7,50,1.0,1,1,1
5323,118.92953251633064,31.772378536730734,2,0.4666666666666666,2.0,high,2,2,Nanjing,4,5,40,2.0,2,2,2
5300,119.10066157795542,31.918175107343338,2,0.5266666666666666,2.0,med,2,2,Nanjing,6,7,10,2.0,1,1,2
7847,118.92629858130783,31.551842134479394,2,0.43,2.0,med,2,2,Nanjing,0,1,30,2.0,3,3,2
6318,118.49681404397028,31.966863795742615,2,0.4766666666666666,3.0,med,2,2,Nanjing,0,7,30,2.0,3,1,2
9773,119.02655056701556,31.797261870100847,2,0.38,1.0,med,2,2,Nanjing,6,7,10,2.0,1,1,2
9678,118.65869045816862,31.74533924667874,2,0.3533333333333333,2.0,high,2,2,Nanjing,6,7,60,2.0,1,1,2
5577,118.91219503134715,31.956443338446828,2,0.3866666666666666,3.0,med,2,2,Nanjing,6,7,60,2.0,1,1,2
8328,118.93824617458662,31.36328575634271,2,0.34,2.0,med,2,2,Nanjing,6,7,10,2.0,1,1,2
9754,118.83907216721984,32.21291235206295,2,0.44,3.0,low,2,2,Nanjing,4,5,30,2.0,2,2,2
9205,119.05197288955615,31.641673662891343,2,0.2333333333333333,1.0,med,2,2,Nanjing,6,7,60,2.0,1,1,2
8055,118.42863191390562,31.99336409662414,2,0.52,3.0,med,2,2,Nanjing,0,1,30,2.0,3,3,2
6104,118.87239966426066,31.24228268757181,2,0.5033333333333333,3.0,med,2,2,Nanjing,0,1,60,2.0,3,3,2
8466,118.58026753386498,32.157755793618016,2,0.2666666666666666,2.0,med,2,2,Nanjing,0,7,40,2.0,3,1,2
8083,119.07380195096026,31.302829137721464,2,0.3333333333333333,2.0,high,2,2,Nanjing,6,7,40,2.0,1,1,2
12430,118.59940164941672,32.047352845199725,3,0.3933333333333333,1.0,med,3,3,Nanjing,0,1,80,3.0,3,3,3
11670,118.94049196279693,32.494354530577596,3,0.5199999999999999,3.0,high,3,3,Nanjing,0,1,80,3.0,3,3,3
2484,118.8817421432155,31.347026249700143,1,0.4733333333333333,1.0,med,1,1,Nanjing,6,7,50,1.0,1,1,1
6891,118.68689755808998,32.50513431398703,2,0.3866666666666667,1.0,med,2,2,Nanjing,6,7,60,2.0,1,1,2
9562,119.16345381631538,31.357536538524343,2,0.4533333333333333,2.0,high,2,2,Nanjing,4,7,30,2.0,2,1,2
5090,118.5810760176207,31.88646457781392,2,0.3533333333333333,1.0,high,2,2,Nanjing,6,7,60,2.0,1,1,2
9406,118.64701235947508,32.04456806781895,2,0.3666666666666667,1.0,high,2,2,Nanjing,6,7,40,2.0,1,1,2
10207,118.58961001281985,32.20186307406828,3,0.44,1.0,high,3,3,Nanjing,0,1,80,3.0,3,3,3
4273,118.9538768605303,31.883230642791087,1,0.46,2.0,low,1,1,Nanjing,6,7,50,1.0,1,1,1
3740,118.5743386529898,31.81522817578324,1,0.4966666666666667,2.0,med,1,1,Nanjing,6,7,50,1.0,1,1,1
10471,118.6239256566732,32.0569648187398,3,0.41,1.0,med,3,3,Nanjing,0,7,80,3.0,3,1,3
5184,118.58242349054689,32.03783070318806,2,0.4466666666666667,1.0,high,2,2,Nanjing,6,7,60,2.0,1,1,2
3446,118.5653555001486,31.793399114379135,1,0.5,2.0,high,1,1,Nanjing,6,7,50,1.0,1,1,1
1979,118.8314364873048,31.827984252817735,1,0.4433333333333333,2.0,high,1,1,Nanjing,6,7,50,1.0,1,1,1
7510,118.70154009722113,31.88062552846714,2,0.47,3.0,med,2,2,Nanjing,6,7,10,2.0,1,1,2
6159,118.53112968782364,31.983392796970413,2,0.3266666666666666,1.0,high,2,2,Nanjing,6,7,30,2.0,1,1,2
6631,118.73567607801766,32.49552234044695,2,0.32,2.0,med,2,2,Nanjing,6,7,40,2.0,1,1,2
2835,118.84464172198136,31.68236734526196,1,0.2533333333333333,2.0,med,1,1,Nanjing,6,7,50,1.0,1,1,1
5721,118.88416759448262,31.96165356709472,2,0.3866666666666667,1.0,high,2,2,Nanjing,6,7,60,2.0,1,1,2
9424,118.91462048261428,31.41143545557151,2,0.2333333333333333,2.0,med,2,2,Nanjing,6,7,10,2.0,1,1,2
17,119.13407890652468,32.23366343512611,1,0.3666666666666667,2.0,med,1,1,Nanjing,6,7,50,1.0,1,1,1
5140,118.57703359884216,32.131704650378545,2,0.3033333333333333,2.0,med,2,2,Nanjing,6,7,30,2.0,1,1,2
13529,119.01792674028802,31.51815531132491,3,0.4599999999999999,2.0,med,3,3,Nanjing,0,1,80,3.0,3,3,3
9146,118.4465083880596,31.933356635644955,2,0.5133333333333333,3.0,med,2,2,Nanjing,0,1,60,2.0,3,3,2
14192,118.84140778695853,31.294295142522326,3,0.3833333333333333,2.0,med,3,3,Nanjing,0,1,80,3.0,3,3,3
2139,118.76145772667188,32.049239307296375,1,0.3733333333333333,2.0,med,1,1,Nanjing,6,7,50,1.0,1,1,1
9477,118.95675146943948,31.659370473988503,2,0.2333333333333333,1.0,med,2,2,Nanjing,6,7,40,2.0,1,1,2
5445,119.06984936371012,32.21866156988131,2,0.3066666666666666,2.0,high,2,2,Nanjing,6,7,30,2.0,1,1,2
9241,118.98648570534384,31.945753386565805,2,0.3933333333333333,2.0,med,2,2,Nanjing,4,5,30,2.0,2,2,2
6402,118.67629743773736,31.88466794724568,2,0.3333333333333333,3.0,med,2,2,Nanjing,6,7,10,2.0,1,1,2
7097,118.79855814790604,31.892483290217516,2,0.36,1.0,high,2,2,Nanjing,6,7,60,2.0,1,1,2
6777,118.85712830443065,32.277860547104794,2,0.29,2.0,med,2,2,Nanjing,0,1,30,2.0,3,3,2
5658,118.74169479042126,31.342534673279545,2,0.5066666666666666,2.0,low,2,2,Nanjing,0,5,40,2.0,3,2,2
7972,118.50705483820924,32.0862498970021,2,0.4166666666666666,1.0,high,2,2,Nanjing,6,7,10,2.0,1,1,2
1740,118.92513077143848,32.32870519218596,1,0.4866666666666666,2.0,med,1,1,Nanjing,6,7,50,1.0,1,1,1
9359,118.76657812379138,32.533700740022034,2,0.5166666666666667,2.0,high,2,2,Nanjing,6,7,10,2.0,1,1,2
1529,118.73190315382436,32.02794923506274,1,0.3866666666666667,1.0,high,1,1,Nanjing,6,7,50,1.0,1,1,1
1796,118.80691248004834,32.053281726074914,1,0.34,3.0,low,1,1,Nanjing,6,7,50,1.0,1,1,1
6467,118.58386079500148,31.940722820974734,2,0.3933333333333333,2.0,high,2,2,Nanjing,6,7,60,2.0,1,1,2
5262,118.90473901448895,31.90676650323502,2,0.52,1.0,med,2,2,Nanjing,6,7,10,2.0,1,1,2
11134,118.88264045849962,31.92491247197423,3,0.38,3.0,low,3,3,Nanjing,6,7,80,3.0,1,1,3
1525,118.77996302152476,32.54412119731782,1,0.4533333333333333,2.0,med,1,1,Nanjing,6,7,50,1.0,1,1,1
6255,118.92962234785908,31.773456515071683,2,0.52,2.0,high,2,2,Nanjing,6,5,40,2.0,1,2,2
1785,118.9367190386036,31.729528897678236,1,0.4733333333333334,2.0,high,1,1,Nanjing,6,7,50,1.0,1,1,1
5291,118.77708841261556,31.95329923495241,2,0.5066666666666666,1.0,med,2,2,Nanjing,6,7,10,2.0,1,1,2
8532,118.96169220350214,32.467405072054014,2,0.4266666666666667,1.0,high,2,2,Nanjing,6,7,10,2.0,1,1,2
3712,118.89216260051128,31.96542649128802,1,0.4866666666666666,2.0,high,1,1,Nanjing,6,7,50,1.0,1,1,1
4904,118.61664930287183,32.21533780333007,1,0.5266666666666666,2.0,high,1,1,Nanjing,6,7,50,1.0,1,1,1
5194,118.95477517581442,31.379904589098917,2,0.4666666666666666,1.0,high,2,2,Nanjing,6,7,30,2.0,1,1,2
5775,118.56310971193832,31.826007959192673,2,0.1533333333333333,1.0,high,2,2,Nanjing,6,7,60,2.0,1,1,2
11081,118.46195941094643,31.975846948583808,3,0.4266666666666666,2.0,high,3,3,Nanjing,0,1,80,3.0,3,3,3
3900,118.81733293734412,32.51196151014634,1,0.5133333333333334,2.0,med,1,1,Nanjing,6,7,50,1.0,1,1,1
7639,118.649617473799,31.769054770179498,2,0.4633333333333333,3.0,high,2,2,Nanjing,0,1,10,2.0,3,3,2
4058,119.0688612168976,32.21560729791531,1,0.49,1.0,high,1,1,Nanjing,6,7,50,1.0,1,1,1
3830,119.19480501973116,31.373346887524846,1,0.4333333333333333,2.0,high,1,1,Nanjing,6,7,50,1.0,1,1,1
9175,118.63021386366204,32.243544903251426,2,0.4466666666666667,2.0,high,2,2,Nanjing,6,7,10,2.0,1,1,2
108,118.667493947953,32.18138148559036,1,0.32,2.0,high,1,1,Nanjing,6,7,50,1.0,1,1,1
1243,118.583321805831,32.14688617868016,1,0.3066666666666666,2.0,med,1,1,Nanjing,6,7,50,1.0,1,1,1
11928,118.6721651874304,32.08373461420656,3,0.51,3.0,high,3,3,Nanjing,0,7,80,3.0,3,1,3
6424,118.96618377992272,31.95141277285576,2,0.4333333333333333,2.0,high,2,2,Nanjing,6,7,60,2.0,1,1,2
3109,118.67944154123178,32.18829851327808,1,0.4333333333333333,2.0,low,1,1,Nanjing,6,7,50,1.0,1,1,1
4898,118.98711452604272,31.906317345592957,1,0.2933333333333333,2.0,med,1,1,Nanjing,6,7,50,1.0,1,1,1
868,118.90006777501154,32.05705465026821,1,0.3566666666666666,1.0,med,1,1,Nanjing,6,7,50,1.0,1,1,1
6192,119.04568468256733,32.05552751428521,2,0.5066666666666666,1.0,low,2,2,Nanjing,1,2,10,2.0,2,2,2
3184,118.88533540435198,32.03711205096076,1,0.4533333333333333,1.0,high,1,1,Nanjing,6,7,50,1.0,1,1,1
2929,118.63578341842356,31.796453386345146,1,0.42,2.0,high,1,1,Nanjing,6,7,50,1.0,1,1,1
7332,119.16938269719056,31.648590690579063,2,0.4733333333333334,1.0,med,2,2,Nanjing,6,7,10,2.0,1,1,2
4589,118.61745778662754,32.0712480317573,1,0.3633333333333334,1.0,low,1,1,Nanjing,6,7,50,1.0,1,1,1
8872,118.7969411803946,31.851430281733258,2,0.4533333333333333,2.0,med,2,2,Nanjing,5,7,40,2.0,2,1,2
1929,118.63802920663387,32.58724033095555,1,0.52,2.0,med,1,1,Nanjing,6,7,50,1.0,1,1,1
11775,119.10380568144984,31.3602314843767,3,0.35,2.0,med,3,3,Nanjing,0,1,80,3.0,3,3,3
981,118.44246596928106,31.89859183414953,1,0.3466666666666667,2.0,high,1,1,Nanjing,4,5,50,1.0,2,2,1
2158,118.97022619870128,31.56855079876402,1,0.3466666666666667,2.0,low,1,1,Nanjing,0,1,50,1.0,3,3,1
8049,118.95423618664394,31.376401159490857,2,0.32,1.0,high,2,2,Nanjing,6,7,60,2.0,1,1,2
4658,119.05071524815838,32.06927173813224,1,0.2733333333333334,2.0,high,1,1,Nanjing,6,7,50,1.0,1,1,1
3144,118.74259310570538,32.15137775510076,1,0.4599999999999999,2.0,high,1,1,Nanjing,6,7,50,1.0,1,1,1
8703,119.02259797976544,31.94683136490675,2,0.4033333333333333,2.0,med,2,2,Nanjing,6,5,30,2.0,1,2,2
6691,118.85335538023732,32.331040811924666,2,0.3666666666666667,2.0,high,2,2,Nanjing,6,7,30,2.0,1,1,2
2070,118.96645327450796,32.08732787534304,1,0.5,2.0,med,1,1,Nanjing,6,7,50,1.0,1,1,1
4905,118.86943522382306,31.95886878971395,1,0.49,1.0,high,1,1,Nanjing,6,7,50,1.0,1,1,1
1719,118.80933793131548,32.10008395237754,1,0.5133333333333333,2.0,med,1,1,Nanjing,6,7,50,1.0,1,1,1
6074,118.84239593377106,31.87793058261478,2,0.4933333333333333,3.0,high,2,2,Nanjing,0,1,30,2.0,3,3,2
5812,118.76118823208668,32.30633714161138,2,0.28,2.0,low,2,2,Nanjing,6,7,10,2.0,1,1,2
4179,118.73783203469957,31.80193310957827,1,0.4066666666666667,2.0,high,1,1,Nanjing,6,7,50,1.0,1,1,1
14565,118.7231894955684,31.90928178603055,3,0.3699999999999999,3.0,high,3,3,Nanjing,0,1,80,3.0,3,3,3
6389,118.84446205892452,31.33624646629071,2,0.4033333333333334,1.0,low,2,2,Nanjing,6,7,60,2.0,1,1,2
10576,118.64234111999764,32.04771217131337,3,0.3533333333333334,2.0,med,3,3,Nanjing,6,1,80,3.0,1,3,3
8995,118.82892120450929,32.045915540745135,2,0.5166666666666666,3.0,med,2,2,Nanjing,0,1,10,2.0,3,3,2
8265,119.13318059124056,31.546452242774677,2,0.32,1.0,high,2,2,Nanjing,6,7,30,2.0,1,1,2
10624,118.77672908650192,31.24282167674228,3,0.42,2.0,low,3,3,Nanjing,0,1,80,3.0,3,3,3
9750,119.0305929857941,31.73608659925231,2,0.2766666666666666,1.0,high,2,2,Nanjing,6,7,10,2.0,1,1,2
3429,118.8811133225166,31.327712471091573,1,0.5066666666666666,1.0,high,1,1,Nanjing,6,7,50,1.0,1,1,1
7644,118.90482884601737,31.89481890995623,2,0.3466666666666667,1.0,med,2,2,Nanjing,6,7,10,2.0,1,1,2
2051,118.86135038626598,32.282172460468566,1,0.48,2.0,med,1,1,Nanjing,6,7,50,1.0,1,1,1
11832,118.42306235914408,31.91592931913304,3,0.49,3.0,high,3,3,Nanjing,0,1,80,3.0,3,3,3
5255,118.76801542824596,31.97396048648716,2,0.2866666666666666,1.0,med,2,2,Nanjing,6,7,30,2.0,1,1,2
4496,119.00391302185577,32.39913311046093,1,0.4466666666666667,2.0,high,1,1,Nanjing,6,7,50,1.0,1,1,1
7007,118.84392306975408,32.245700859933315,2,0.4066666666666667,2.0,high,2,2,Nanjing,6,7,40,2.0,1,1,2
2888,118.63353763021328,32.08014135307008,1,0.42,1.0,high,1,1,Nanjing,6,7,50,1.0,1,1,1
1116,118.81364984467923,31.852238765488963,1,0.2666666666666666,2.0,high,1,1,Nanjing,1,5,50,1.0,2,2,1
9455,119.0477508077208,31.67006042586952,2,0.5066666666666666,2.0,low,2,2,Nanjing,6,7,40,2.0,1,1,2
3449,118.54837734127877,31.959946768054895,1,0.3833333333333333,2.0,med,1,1,Nanjing,6,7,50,1.0,1,1,1
161,118.85605032608969,31.300673181039578,1,0.4499999999999999,2.0,high,1,1,Nanjing,6,7,50,1.0,1,1,1
13112,118.6570734906572,32.047532508256545,3,0.44,1.0,med,3,3,Nanjing,0,1,80,3.0,3,3,3
4916,118.918483238336,32.39077877831862,1,0.4733333333333334,2.0,high,1,1,Nanjing,6,7,50,1.0,1,1,1
5166,119.08224611463098,31.929044722281184,2,0.48,2.0,high,2,2,Nanjing,4,5,30,2.0,2,2,2
13425,118.71681145705116,32.05346138913173,3,0.3633333333333333,2.0,med,3,3,Nanjing,0,1,80,3.0,3,3,3
888,118.78274779890552,32.28145380824127,1,0.4266666666666667,2.0,low,1,1,Nanjing,6,7,50,1.0,1,1,1
3121,119.18115062741252,31.39095386709359,1,0.5,2.0,low,1,1,Nanjing,0,1,50,1.0,3,3,1
1422,118.48504611374833,31.870474565756588,1,0.3866666666666666,2.0,med,1,1,Nanjing,6,7,50,1.0,1,1,1
4511,118.77080020562674,32.03145266467081,1,0.4066666666666667,1.0,high,1,1,Nanjing,6,7,50,1.0,1,1,1
6602,118.68240598166938,32.01456433732936,2,0.3,2.0,high,2,2,Nanjing,6,7,40,2.0,1,1,2
8628,118.92441211921118,32.00486253226087,2,0.26,2.0,med,2,2,Nanjing,6,7,10,2.0,1,1,2
11303,118.64171229929876,32.01672029401125,3,0.38,2.0,med,3,3,Nanjing,0,1,80,3.0,3,3,3
9681,118.87769972443697,32.22018870586432,2,0.4866666666666666,2.0,high,2,2,Nanjing,6,7,10,2.0,1,1,2
4500,118.87150134897654,31.92940404839483,1,0.4933333333333333,2.0,med,1,1,Nanjing,6,7,50,1.0,1,1,1
4,119.07372537642044,29.249883597375153,1,0.3466666666666667,2.0,high,1,1,Hangzhou,6,7,50,1.0,1,1,1
57,119.16364760826426,29.318696444831932,1,0.3,2.0,high,1,1,Hangzhou,1,2,50,1.0,2,2,1
85,119.177390557711,29.353009227438196,1,0.3066666666666666,2.0,high,1,1,Hangzhou,6,7,50,1.0,1,1,1
175,119.1350826069159,29.4286489586078,1,0.34,1.0,low,1,1,Hangzhou,1,2,50,1.0,2,2,1
220,119.0721111818391,29.46161509269593,1,0.3266666666666666,2.0,med,1,1,Hangzhou,6,7,50,1.0,1,1,1
355,119.2282376870234,29.560522413162406,1,0.2266666666666666,2.0,high,1,1,Hangzhou,1,7,50,1.0,2,1,1
438,119.51677719798978,29.62430093552985,1,0.2466666666666666,2.0,med,1,1,Hangzhou,6,7,50,1.0,1,1,1
460,119.52540109942714,29.64145955638351,1,0.3133333333333333,1.0,high,1,1,Hangzhou,6,7,50,1.0,1,1,1
498,119.12529042100252,29.700119030741583,1,0.36,2.0,high,1,1,Hangzhou,1,2,50,1.0,2,2,1
719,119.55082243453283,29.8532846928264,1,0.2466666666666666,2.0,high,1,1,Hangzhou,1,2,50,1.0,2,2,1
726,119.88041242979727,29.856874269174423,1,0.3,2.0,high,1,1,Hangzhou,6,7,50,1.0,1,1,1
825,119.69015150604882,29.901523248022578,1,0.32,3.0,med,1,1,Hangzhou,1,2,50,1.0,2,2,1
861,119.7198847918732,29.9180531356277,1,0.3066666666666666,2.0,high,1,1,Hangzhou,6,7,50,1.0,1,1,1
2166,120.35966323371846,30.18161722159372,1,0.3033333333333333,3.0,high,1,1,Hangzhou,0,7,50,1.0,3,1,1
2531,119.59681806189914,30.208296023196493,1,0.31,2.0,med,1,1,Hangzhou,6,7,50,1.0,1,1,1
2991,120.24324502341511,30.247643130892104,1,0.2866666666666667,1.0,high,1,1,Hangzhou,6,7,50,1.0,1,1,1
3623,120.33855384933145,30.301901472510423,1,0.2866666666666666,2.0,high,1,1,Hangzhou,6,7,50,1.0,1,1,1
4262,120.19545237832423,30.374843447542695,1,0.28,2.0,med,1,1,Hangzhou,6,7,50,1.0,1,1,1
4475,119.83837202506535,30.40404164124066,1,0.2733333333333334,2.0,high,1,1,Hangzhou,6,7,50,1.0,1,1,1
5155,119.19230625073476,29.31501322736178,2,0.3999999999999999,2.0,high,2,2,Hangzhou,6,7,60,2.0,1,1,2
5568,118.84124122479696,29.442213544012375,2,0.2533333333333333,3.0,high,2,2,Hangzhou,0,1,60,2.0,3,3,2
5713,118.3914561606369,29.474283398788767,2,0.3133333333333333,3.0,high,2,2,Hangzhou,5,11,60,2.0,2,2,2
5786,119.61110056257333,29.490991650436023,2,0.3099999999999999,3.0,high,2,2,Hangzhou,6,2,10,2.0,1,2,2
6000,119.19158387636408,29.544621258805822,2,0.3233333333333333,2.0,med,2,2,Hangzhou,0,1,10,2.0,3,3,2
6002,119.36496264352417,29.545160810033288,2,0.2866666666666666,2.0,high,2,2,Hangzhou,6,7,60,2.0,1,1,2
6042,119.44284530252364,29.554591808761327,2,0.3333333333333333,1.0,high,2,2,Hangzhou,6,7,60,2.0,1,1,2
6251,119.1327460379639,29.60984007081352,2,0.2966666666666667,3.0,high,2,2,Hangzhou,6,7,10,2.0,1,1,2
6442,119.58504603511804,29.658528995216095,2,0.1399999999999999,1.0,med,2,2,Hangzhou,1,7,10,2.0,2,1,2
6443,119.33918012123314,29.658885723300372,2,0.3233333333333333,1.0,med,2,2,Hangzhou,6,7,30,2.0,1,1,2
6444,119.1606823060637,29.659246910485702,2,0.2666666666666666,1.0,low,2,2,Hangzhou,6,7,10,2.0,1,1,2
6591,119.84519890877816,29.69805446695385,2,0.2633333333333333,1.0,high,2,2,Hangzhou,1,2,10,2.0,2,2,2
6645,118.77880935094768,29.71053994990349,2,0.3299999999999999,3.0,high,2,2,Hangzhou,0,1,10,2.0,3,3,2
6693,119.13373595839772,29.720421317837925,2,0.3066666666666666,2.0,high,2,2,Hangzhou,0,4,60,2.0,3,3,2
6854,119.08190336775246,29.757703861745792,2,0.3066666666666667,3.0,med,2,2,Hangzhou,0,1,60,2.0,3,3,2
6929,119.70784967812992,29.776565859201863,2,0.1966666666666666,2.0,high,2,2,Hangzhou,6,7,50,2.0,1,1,1
6978,118.84088449671266,29.78671923230056,2,0.3,3.0,high,2,2,Hangzhou,6,7,10,2.0,1,1,2
7007,119.8945165664293,29.792199467495244,2,0.3166666666666666,1.0,med,2,2,Hangzhou,0,2,10,2.0,3,2,2
7025,119.6327494981878,29.79740769752566,2,0.2966666666666666,2.0,high,2,2,Hangzhou,1,1,50,2.0,2,3,1
7027,119.08405711356129,29.798214794816342,2,0.1866666666666667,3.0,high,2,2,Hangzhou,0,1,40,2.0,3,3,2
7075,118.8508550466682,29.80926444722678,2,0.29,1.0,high,2,2,Hangzhou,0,7,60,2.0,3,1,2
7148,119.75464794368584,29.823101037795624,2,0.2533333333333333,2.0,med,2,2,Hangzhou,6,7,40,2.0,1,1,2
7379,119.8995464324176,29.869542575267264,2,0.2833333333333334,3.0,high,2,2,Hangzhou,0,1,60,2.0,3,3,2
7400,119.8138469692714,29.871968326240335,2,0.3266666666666666,1.0,high,2,2,Hangzhou,6,7,60,2.0,1,1,2
7443,120.09349503273724,29.8798743124081,2,0.3333333333333333,2.0,low,2,2,Hangzhou,6,7,10,2.0,1,1,2
7561,120.09044054851556,29.906281108846603,2,0.3,2.0,high,2,2,Hangzhou,6,7,10,2.0,1,1,2
7713,120.18781839732075,29.94131626582353,2,0.32,1.0,med,2,2,Hangzhou,6,7,10,2.0,1,1,2
7863,120.0057310058033,29.970514459521485,2,0.2533333333333333,1.0,high,2,2,Hangzhou,6,7,10,2.0,1,1,2
7896,119.70955305473238,29.97797007648285,2,0.3133333333333333,2.0,low,2,2,Hangzhou,6,7,10,2.0,1,1,2
8033,120.28905782763816,30.002762678340016,2,0.26,2.0,low,2,2,Hangzhou,6,7,60,2.0,1,1,2
8042,120.22374983360945,30.004470514043483,2,0.3233333333333333,2.0,high,2,2,Hangzhou,4,5,40,2.0,2,2,2
8055,119.98192386527892,30.006173890645897,2,0.2533333333333333,1.0,high,2,2,Hangzhou,6,7,60,2.0,1,1,2
8057,120.20533374625867,30.006802623894437,2,0.2366666666666667,3.0,high,2,2,Hangzhou,6,7,80,2.0,1,1,3
8177,120.26228984401436,30.02917393387957,2,0.33,2.0,high,2,2,Hangzhou,1,7,30,2.0,2,1,2
8198,120.24872525860978,30.033753430661463,2,0.32,2.0,high,2,2,Hangzhou,4,5,40,2.0,2,2,2
8220,120.24836407142446,30.038154563401218,2,0.2933333333333333,2.0,low,2,2,Hangzhou,6,7,60,2.0,1,1,2
8255,120.29471642687504,30.046778464838575,2,0.2266666666666666,2.0,high,2,2,Hangzhou,1,2,10,2.0,2,2,2
8340,119.78878682135104,30.06914977482372,2,0.3066666666666666,2.0,low,2,2,Hangzhou,6,7,10,2.0,1,1,2
8346,119.96898801312292,30.069595684929062,2,0.2199999999999999,2.0,med,2,2,Hangzhou,6,7,10,2.0,1,1,2
8368,119.4365579700383,30.07579383539335,2,0.3066666666666666,2.0,high,2,2,Hangzhou,1,2,10,2.0,2,2,2
8370,120.0693311641286,30.076516209764,2,0.1666666666666666,2.0,high,2,2,Hangzhou,2,7,60,2.0,2,1,2
8387,119.86379336017104,30.08082816048269,2,0.34,2.0,low,2,2,Hangzhou,6,7,60,2.0,1,1,2
8466,120.0486676898469,30.09627894563288,2,0.2533333333333333,2.0,high,2,2,Hangzhou,2,7,50,2.0,2,1,1
8560,120.05136544598425,30.118556614495898,2,0.2933333333333333,2.0,med,2,2,Hangzhou,6,7,10,2.0,1,1,2
8583,120.22662595378888,30.12133909355324,2,0.3033333333333333,2.0,high,2,2,Hangzhou,6,5,40,2.0,1,2,2
8584,120.27630033952428,30.121428275574313,2,0.24,2.0,high,2,2,Hangzhou,1,7,10,2.0,2,1,2
8604,119.93835398888574,30.126640964705796,2,0.3266666666666666,2.0,med,2,2,Hangzhou,6,7,60,2.0,1,1,2
8622,120.09493086327645,30.129695448927396,2,0.33,2.0,low,2,2,Hangzhou,6,7,40,2.0,1,1,2
8687,120.28591416139552,30.143077211188793,2,0.3,2.0,low,2,2,Hangzhou,6,7,60,2.0,1,1,2
8717,119.7630934810811,30.14927536165309,2,0.32,2.0,med,2,2,Hangzhou,6,7,10,2.0,1,1,2
8838,119.36711638933298,30.174701155859832,2,0.2733333333333334,1.0,high,2,2,Hangzhou,6,7,60,2.0,1,1,2
8848,120.17137769173674,30.177666458060376,2,0.1999999999999999,1.0,high,2,2,Hangzhou,6,7,50,2.0,1,1,1
8862,118.96116874762936,30.179552657805974,2,0.28,2.0,high,2,2,Hangzhou,1,11,30,2.0,2,2,2
8902,120.26129992358048,30.187097456788408,2,0.32,2.0,med,2,2,Hangzhou,6,7,10,2.0,1,1,2
8948,119.91005653360055,30.19652845551645,2,0.2866666666666667,3.0,high,2,2,Hangzhou,0,1,10,2.0,3,3,2
8955,120.20138298272536,30.19733555280712,2,0.18,1.0,high,2,2,Hangzhou,6,7,40,2.0,1,1,2
8998,120.22985880205265,30.20452362370528,2,0.2499999999999999,2.0,med,2,2,Hangzhou,6,7,10,2.0,1,1,2
9014,120.0045627213273,30.209736312836753,2,0.3133333333333333,2.0,med,2,2,Hangzhou,6,7,10,2.0,1,1,2
9058,120.28537461016803,30.219256493585867,2,0.24,1.0,high,2,2,Hangzhou,6,7,60,2.0,1,1,2
9064,119.69607765134889,30.22132105737361,2,0.2733333333333333,1.0,high,2,2,Hangzhou,6,7,50,2.0,1,1,1
9111,120.05756359644852,30.22904867949923,2,0.2666666666666666,2.0,low,2,2,Hangzhou,6,7,10,2.0,1,1,2
9118,119.9571312634218,30.230845697223767,2,0.2199999999999999,2.0,med,2,2,Hangzhou,6,7,10,2.0,1,1,2
9145,119.73156317753218,30.23668266050273,2,0.1933333333333333,1.0,high,2,2,Hangzhou,6,7,10,2.0,1,1,2
9152,120.2897757429078,30.238390496206197,2,0.2933333333333333,1.0,high,2,2,Hangzhou,6,7,30,2.0,1,1,2
9187,120.20398709774057,30.24746476684996,2,0.3099999999999999,2.0,low,2,2,Hangzhou,1,7,10,2.0,2,1,2
9189,119.86783776482656,30.24809350009849,2,0.32,2.0,high,2,2,Hangzhou,6,7,10,2.0,1,1,2
9239,119.80378723729484,30.26120771629668,2,0.3133333333333333,2.0,low,2,2,Hangzhou,6,7,30,2.0,1,1,2
9256,120.50447254042908,30.265608849036433,2,0.3166666666666666,2.0,med,2,2,Hangzhou,6,7,10,2.0,1,1,2
9299,120.08558904656944,30.27522267090766,2,0.24,1.0,high,2,2,Hangzhou,6,7,50,2.0,1,1,1
9373,120.02486500842365,30.29309920703093,2,0.3,2.0,low,2,2,Hangzhou,6,7,60,2.0,1,1,2
9378,120.4617142204276,30.29381712230053,2,0.3066666666666666,1.0,high,2,2,Hangzhou,6,7,30,2.0,1,1,2
9398,119.95488387649084,30.29902535233095,2,0.2933333333333333,1.0,med,2,2,Hangzhou,6,5,60,2.0,1,2,2
9405,120.16437244398172,30.300733188034428,2,0.3,2.0,low,2,2,Hangzhou,6,7,60,2.0,1,1,2
9482,120.19509565024,30.317263075639552,2,0.1133333333333332,1.0,med,2,2,Hangzhou,6,7,10,2.0,1,1,2
9484,119.63382860064272,30.317802626867017,2,0.2733333333333334,2.0,med,2,2,Hangzhou,6,7,10,2.0,1,1,2
9489,120.03411764310954,30.318970911343015,2,0.1866666666666667,2.0,high,2,2,Hangzhou,6,7,60,2.0,1,1,2
9493,120.04893969501116,30.320228377840102,2,0.3333333333333333,1.0,high,2,2,Hangzhou,6,7,30,2.0,1,1,2
9519,120.3256179971754,30.327411989637184,2,0.3066666666666666,2.0,low,2,2,Hangzhou,6,7,50,2.0,1,1,1
9536,120.25330475539164,30.33172394035587,2,0.3666666666666666,1.0,high,2,2,Hangzhou,6,7,50,2.0,1,1,1
9537,120.03411764310954,30.331813122376943,2,0.2199999999999999,2.0,high,2,2,Hangzhou,6,7,60,2.0,1,1,2
9607,120.10068310363536,30.34933293041593,2,0.2766666666666666,1.0,high,2,2,Hangzhou,6,7,60,2.0,1,1,2
9614,119.98965148740456,30.35031839174874,2,0.2166666666666666,1.0,high,2,2,Hangzhou,6,7,10,2.0,1,1,2
9637,119.97545370965038,30.3579568318533,2,0.2733333333333334,1.0,high,2,2,Hangzhou,6,7,60,2.0,1,1,2
9739,119.94832453884123,30.38885840215368,2,0.3133333333333333,3.0,high,2,2,Hangzhou,0,1,10,2.0,3,3,2
9779,120.23300246829533,30.400625969833715,2,0.2966666666666666,3.0,med,2,2,Hangzhou,0,7,10,2.0,3,1,2
9787,120.0961883297735,30.402333805537193,2,0.2533333333333333,2.0,high,2,2,Hangzhou,6,7,40,2.0,1,1,2
9805,120.19132325074874,30.409878604519612,2,0.2666666666666666,2.0,high,2,2,Hangzhou,6,7,40,2.0,1,1,2
9811,120.1305947535019,30.410957706974557,2,0.3866666666666666,1.0,high,2,2,Hangzhou,6,7,60,2.0,1,1,2
9822,120.11882718582184,30.414101373217232,2,0.2133333333333333,2.0,low,2,2,Hangzhou,6,7,40,2.0,1,1,2
9867,120.0242362751751,30.433057011795427,2,0.35,2.0,high,2,2,Hangzhou,1,2,40,2.0,2,2,2
9875,120.23758642417828,30.436200678038112,2,0.2266666666666666,2.0,high,2,2,Hangzhou,6,7,40,2.0,1,1,2
9877,120.291211573447,30.436740229265578,2,0.36,2.0,med,2,2,Hangzhou,6,7,60,2.0,1,1,2
9895,120.0740890249526,30.44482457947548,2,0.2033333333333333,2.0,high,2,2,Hangzhou,6,7,60,2.0,1,1,2
9904,120.0773263323174,30.44814660976029,2,0.2933333333333333,2.0,med,2,2,Hangzhou,0,7,60,2.0,3,1,2
9917,120.19895723175226,30.45668132917659,2,0.26,1.0,med,2,2,Hangzhou,6,7,10,2.0,1,1,2
9932,120.2604928262898,30.466112327904625,2,0.3133333333333333,2.0,high,2,2,Hangzhou,6,7,40,2.0,1,1,2
9966,120.0938517608215,30.49144448098925,2,0.2666666666666666,2.0,low,2,2,Hangzhou,0,1,40,2.0,3,3,2
9980,120.22123490061529,30.5124646833552,2,0.2533333333333333,2.0,med,2,2,Hangzhou,6,1,30,2.0,1,3,2
9985,120.326335912445,30.515608349597873,2,0.2766666666666667,2.0,med,2,2,Hangzhou,3,1,40,2.0,3,3,2
9989,120.2214132646574,30.52181095916321,2,0.3266666666666666,3.0,low,2,2,Hangzhou,6,7,30,2.0,1,1,2
10074,119.22590111807142,29.379692488142023,3,0.3266666666666666,3.0,low,3,3,Hangzhou,0,1,80,3.0,3,3,3
10079,119.10462694672084,29.3828361543847,3,0.22,2.0,low,3,3,Hangzhou,6,7,80,3.0,1,1,3
10287,118.74090253289232,29.440327344266777,3,0.3966666666666666,3.0,low,3,3,Hangzhou,0,1,80,3.0,3,3,3
10510,119.23281718380532,29.476258780555444,3,0.3133333333333333,3.0,high,3,3,Hangzhou,0,1,80,3.0,3,3,3
10523,118.68305015582494,29.477516247052517,3,0.2733333333333333,2.0,med,3,3,Hangzhou,0,1,80,3.0,3,3,3
10614,118.84331024768576,29.485694238384532,3,0.3133333333333333,2.0,high,3,3,Hangzhou,0,4,80,3.0,3,3,3
11962,118.96718853405152,29.54902239154558,3,0.38,3.0,high,3,3,Hangzhou,0,1,80,3.0,3,3,3
12060,119.17972712666298,29.55423508067704,3,0.3133333333333333,3.0,med,3,3,Hangzhou,0,1,10,3.0,3,3,2
12515,119.18502899781552,29.589176596531864,3,0.2866666666666667,3.0,low,3,3,Hangzhou,0,1,80,3.0,3,3,3
12546,118.99161994872335,29.593488547250537,3,0.1666666666666666,3.0,med,3,3,Hangzhou,0,1,80,3.0,3,3,3
12575,119.10975045383124,29.597082582699613,3,0.36,3.0,high,3,3,Hangzhou,0,1,80,3.0,3,3,3
12591,119.05100179745212,29.598518413238825,3,0.2299999999999999,3.0,med,3,3,Hangzhou,0,1,80,3.0,3,3,3
12610,119.11055755112194,29.599686697714823,3,0.3933333333333333,3.0,high,3,3,Hangzhou,0,1,80,3.0,3,3,3
13199,118.78105673787856,29.676945082566828,3,0.3299999999999999,3.0,med,3,3,Hangzhou,0,1,80,3.0,3,3,3
13384,119.65422006976016,29.71709928755311,3,0.3199999999999999,3.0,med,3,3,Hangzhou,0,1,80,3.0,3,3,3
13655,119.59699642594128,29.865859357797117,3,0.3,2.0,low,3,3,Hangzhou,0,1,80,3.0,3,3,3
13727,119.54156979984695,29.90502364234953,3,0.3299999999999999,3.0,high,3,3,Hangzhou,0,1,80,3.0,3,3,3
13813,119.86433291139852,29.95236591823397,3,0.3233333333333333,3.0,high,3,3,Hangzhou,0,1,80,3.0,3,3,3
14054,120.07310356361982,30.059714316994626,3,0.2966666666666667,3.0,med,3,3,Hangzhou,0,1,80,3.0,3,3,3
14119,120.12071338556746,30.077412489075744,3,0.3033333333333333,2.0,med,3,3,Hangzhou,0,1,80,3.0,3,3,3
14331,120.14389179284328,30.14568578530506,3,0.17,2.0,low,3,3,Hangzhou,0,1,80,3.0,3,3,3
14361,120.1320305840411,30.15789926309045,3,0.2199999999999999,3.0,med,3,3,Hangzhou,0,1,80,3.0,3,3,3
14446,120.18386317468634,30.208028477133283,3,0.2866666666666667,1.0,high,3,3,Hangzhou,0,1,80,3.0,3,3,3
14458,120.36056397213125,30.21197924066665,3,0.3133333333333333,2.0,med,3,3,Hangzhou,0,7,50,3.0,3,1,1
14467,120.2003930622915,30.21575164015786,3,0.2266666666666666,1.0,high,3,3,Hangzhou,0,7,80,3.0,3,1,3
14666,120.2188091496422,30.267044679575644,3,0.3066666666666666,3.0,low,3,3,Hangzhou,6,7,80,3.0,1,1,3
14733,120.16913476390684,30.308099622974716,3,0.2066666666666667,3.0,high,3,3,Hangzhou,6,7,80,3.0,1,1,3
14801,120.18682847688687,30.39631401911504,3,0.3,2.0,med,3,3,Hangzhou,0,1,40,3.0,3,3,2
14831,120.17523927324896,30.422725274654596,3,0.18,1.0,high,3,3,Hangzhou,6,7,80,3.0,1,1,3
14931,120.27342867844588,30.49800381863887,3,0.2133333333333333,3.0,med,3,3,Hangzhou,6,7,80,3.0,1,1,3
14949,120.2542010347034,30.50357323585462,3,0.3133333333333333,3.0,low,3,3,Hangzhou,0,1,80,3.0,3,3,3
