PointID,Original_ID,lon,lat,Class,margin,BoundaryScore,RF_Pred,prob_1,prob_2,prob_3,Method,Rule
1,6972,118.55295874922776,31.81100609394788,2,0.22666666666666663,5440.850975559567,2,0.38666666666666666,0.6133333333333333,0.0,BAMS150,two_stage
2,9022,118.5630198804099,31.82690627447679,2,0.42,3105.1560144016908,2,0.29,0.71,0.0,BAMS150,two_stage
3,6276,118.81005658354276,31.86912709283041,2,0.32,3076.9683277898976,2,0.34,0.66,0.0,BAMS150,two_stage
4,7873,119.05960856947117,31.66368238735227,2,0.3133333333333333,2535.791877298329,2,0.3433333333333333,0.6566666666666666,0.0,BAMS150,two_stage
5,710,119.0508050796868,31.92572095572994,1,0.39999999999999997,2470.9375587295763,1,0.7,0.3,0.0,BAMS150,two_stage
6,9032,118.55816897787564,31.812173903817232,2,0.36000000000000004,2392.372427227403,2,0.32,0.68,0.0,BAMS150,two_stage
7,2365,118.94875646341082,31.734918789382952,1,0.30000000000000004,2367.656002941398,1,0.65,0.35,0.0,BAMS150,two_stage
8,6813,118.83997048250394,32.1922511005282,2,0.3666666666666667,2123.139444583813,2,0.31666666666666665,0.6833333333333333,0.0,BAMS150,two_stage
9,7567,118.67180586131676,32.199886780443215,2,0.2866666666666666,2059.099581922459,2,0.3566666666666667,0.6433333333333333,0.0,BAMS150,two_stage
10,7450,118.5563723473074,31.97854189443617,2,0.30666666666666664,2006.8440793470936,2,0.3466666666666667,0.6533333333333333,0.0,BAMS150,two_stage
11,9425,118.89818131291489,31.632960004635382,2,0.45999999999999996,1890.0182382875305,2,0.27,0.73,0.0,BAMS150,two_stage
12,8323,118.91938155362013,32.099814457792306,2,0.5066666666666666,1803.9752935483548,2,0.24666666666666667,0.7533333333333333,0.0,BAMS150,two_stage
13,6442,118.9343834188649,31.95293990883876,2,0.3133333333333333,1758.9015409146775,2,0.3433333333333333,0.6566666666666666,0.0,BAMS150,two_stage
14,7784,118.95333787135982,31.76743780266808,2,0.52,1720.675915029071,2,0.24,0.76,0.0,BAMS150,two_stage
15,9505,118.93878516375707,32.055168188171564,2,0.24666666666666665,1653.3138058782733,2,0.37666666666666665,0.6233333333333333,0.0,BAMS150,two_stage
16,9339,118.77852571707017,31.97683509539634,2,0.36000000000000004,1652.610921100384,2,0.32,0.68,0.0,BAMS150,two_stage
17,8200,118.9968163311112,31.53962504661537,2,0.3933333333333333,1633.4556867517467,2,0.30333333333333334,0.6966666666666667,0.0,BAMS150,two_stage
18,4317,118.92926302174544,32.37595657613064,1,0.5066666666666666,1611.846545822979,1,0.7533333333333333,0.24666666666666667,0.0,BAMS150,two_stage
19,9240,118.5923049586722,32.06226487891611,2,0.29333333333333333,1594.8411248611717,2,0.35,0.6433333333333333,0.006666666666666667,BAMS150,two_stage
20,4930,118.840419640146,32.198269812931805,1,0.33,1579.3920439502112,1,0.5966666666666667,0.13666666666666666,0.26666666666666666,BAMS150,two_stage
21,5323,118.92953251633064,31.772378536730734,2,0.4666666666666666,1577.97267568759,2,0.26666666666666666,0.7333333333333333,0.0,BAMS150,two_stage
22,5300,119.10066157795542,31.918175107343338,2,0.5266666666666666,1537.3243675342887,2,0.23666666666666666,0.7633333333333333,0.0,BAMS150,two_stage
23,7847,118.92629858130783,31.551842134479394,2,0.43000000000000005,1532.7851597835968,2,0.2833333333333333,0.7133333333333334,0.0033333333333333335,BAMS150,two_stage
24,6318,118.49681404397028,31.966863795742615,2,0.4766666666666666,1521.669899412582,2,0.22333333333333333,0.7,0.07666666666666666,BAMS150,two_stage
25,9773,119.02655056701556,31.797261870100847,2,0.38000000000000006,1514.8210839247918,2,0.29,0.67,0.04,BAMS150,two_stage
26,9678,118.65869045816862,31.74533924667874,2,0.35333333333333333,1508.7683116573212,2,0.3233333333333333,0.6766666666666666,0.0,BAMS150,two_stage
27,5577,118.91219503134715,31.956443338446828,2,0.3866666666666666,1474.9840701791945,2,0.28,0.6666666666666666,0.05333333333333334,BAMS150,two_stage
28,8328,118.93824617458662,31.36328575634271,2,0.34,1445.4257946799287,2,0.33,0.67,0.0,BAMS150,two_stage
29,9754,118.83907216721984,32.21291235206295,2,0.44000000000000006,1420.399011969651,2,0.2733333333333333,0.7133333333333334,0.013333333333333334,BAMS150,two_stage
30,9205,119.05197288955615,31.641673662891343,2,0.23333333333333334,1406.3406250043874,2,0.38333333333333336,0.6166666666666667,0.0,BAMS150,two_stage
31,8055,118.42863191390562,31.99336409662414,2,0.52,1391.9237726048505,2,0.23666666666666666,0.7566666666666667,0.006666666666666667,BAMS150,two_stage
32,6104,118.87239966426066,31.24228268757181,2,0.5033333333333333,1384.0107439232688,2,0.24666666666666667,0.75,0.0033333333333333335,BAMS150,two_stage
33,8466,118.58026753386498,32.157755793618016,2,0.26666666666666666,1379.027797345293,2,0.36666666666666664,0.6333333333333333,0.0,BAMS150,two_stage
34,8083,119.07380195096026,31.302829137721464,2,0.3333333333333333,1374.041758596165,2,0.3333333333333333,0.6666666666666666,0.0,BAMS150,two_stage
35,12430,118.59940164941672,32.047352845199725,3,0.3933333333333333,1351.0061858961958,3,0.2633333333333333,0.08,0.6566666666666666,BAMS150,two_stage
36,11670,118.94049196279693,32.494354530577596,3,0.5199999999999999,1341.881484143907,3,0.17,0.14,0.69,BAMS150,two_stage
37,2484,118.8817421432155,31.347026249700143,1,0.4733333333333333,1303.7115061265436,1,0.69,0.09333333333333334,0.21666666666666667,BAMS150,two_stage
38,6891,118.68689755808998,32.50513431398703,2,0.3866666666666667,1301.7647376905454,2,0.30666666666666664,0.6933333333333334,0.0,BAMS150,two_stage
39,9562,119.16345381631538,31.357536538524343,2,0.45333333333333337,1289.0062192693854,2,0.27,0.7233333333333334,0.006666666666666667,BAMS150,two_stage
40,5090,118.5810760176207,31.88646457781392,2,0.35333333333333333,1285.4810006671735,2,0.31,0.6633333333333333,0.02666666666666667,BAMS150,two_stage
41,9406,118.64701235947508,32.04456806781895,2,0.3666666666666667,1276.9563648485482,2,0.31666666666666665,0.6833333333333333,0.0,BAMS150,two_stage
42,10207,118.58961001281985,32.20186307406828,3,0.44000000000000006,1270.1066528759252,3,0.2733333333333333,0.013333333333333334,0.7133333333333334,BAMS150,two_stage
43,4273,118.9538768605303,31.883230642791087,1,0.46,1265.7172911515502,1,0.7133333333333334,0.03333333333333333,0.25333333333333335,BAMS150,two_stage
44,3740,118.5743386529898,31.81522817578324,1,0.4966666666666667,1257.4257851165244,1,0.7466666666666667,0.25,0.0033333333333333335,BAMS150,two_stage
45,10471,118.6239256566732,32.0569648187398,3,0.41,1246.856700494728,3,0.2866666666666667,0.016666666666666666,0.6966666666666667,BAMS150,two_stage
46,5184,118.58242349054689,32.03783070318806,2,0.4466666666666667,1244.5330949536165,2,0.27666666666666667,0.7233333333333334,0.0,BAMS150,two_stage
47,3446,118.5653555001486,31.793399114379135,1,0.5,1242.7561371696586,1,0.75,0.25,0.0,BAMS150,two_stage
48,1979,118.8314364873048,31.827984252817735,1,0.44333333333333336,1237.0996132023947,1,0.7066666666666667,0.2633333333333333,0.03,BAMS150,two_stage
49,7510,118.70154009722113,31.88062552846714,2,0.47,1236.1323965651877,2,0.2633333333333333,0.7333333333333333,0.0033333333333333335,BAMS150,two_stage
50,6159,118.53112968782364,31.983392796970413,2,0.32666666666666666,1227.81149929323,2,0.33666666666666667,0.6633333333333333,0.0,BAMS150,two_stage
51,6631,118.73567607801766,32.49552234044695,2,0.32,1225.5541831011024,2,0.34,0.66,0.0,BAMS150,two_stage
52,2835,118.84464172198136,31.68236734526196,1,0.25333333333333335,1221.328677091516,1,0.6266666666666667,0.37333333333333335,0.0,BAMS150,two_stage
53,5721,118.88416759448262,31.96165356709472,2,0.3866666666666667,1218.6829990679237,2,0.30666666666666664,0.6933333333333334,0.0,BAMS150,two_stage
54,9424,118.91462048261428,31.41143545557151,2,0.23333333333333334,1207.0332401799183,2,0.38333333333333336,0.6166666666666667,0.0,BAMS150,two_stage
55,17,119.13407890652468,32.23366343512611,1,0.3666666666666667,1175.8627781278678,1,0.6833333333333333,0.31666666666666665,0.0,BAMS150,two_stage
56,5140,118.57703359884216,32.131704650378545,2,0.30333333333333334,1173.7343741933237,2,0.3466666666666667,0.65,0.0033333333333333335,BAMS150,two_stage
57,13529,119.01792674028802,31.51815531132491,3,0.45999999999999996,1169.4290604935584,3,0.19333333333333333,0.15333333333333332,0.6533333333333333,BAMS150,two_stage
58,9146,118.4465083880596,31.933356635644955,2,0.5133333333333333,1168.7475502142042,2,0.05333333333333334,0.73,0.21666666666666667,BAMS150,two_stage
59,14192,118.84140778695853,31.294295142522326,3,0.3833333333333333,1165.840924408748,3,0.2833333333333333,0.05,0.6666666666666666,BAMS150,two_stage
60,2139,118.76145772667188,32.049239307296375,1,0.37333333333333335,1164.3052186905597,1,0.6833333333333333,0.31,0.006666666666666667,BAMS150,two_stage
61,9477,118.95675146943948,31.659370473988503,2,0.23333333333333334,1154.1265733436267,2,0.38333333333333336,0.6166666666666667,0.0,BAMS150,two_stage
62,5445,119.06984936371012,32.21866156988131,2,0.30666666666666664,1153.8799759994374,2,0.3466666666666667,0.6533333333333333,0.0,BAMS150,two_stage
63,9241,118.98648570534384,31.945753386565805,2,0.3933333333333333,1153.6838848098828,2,0.30333333333333334,0.6966666666666667,0.0,BAMS150,two_stage
64,6402,118.67629743773736,31.88466794724568,2,0.3333333333333333,1152.448021705723,2,0.33,0.6633333333333333,0.006666666666666667,BAMS150,two_stage
65,7097,118.79855814790604,31.892483290217516,2,0.36000000000000004,1150.7807133625686,2,0.32,0.68,0.0,BAMS150,two_stage
66,6777,118.85712830443065,32.277860547104794,2,0.29,1146.4469788117842,2,0.35333333333333333,0.6433333333333333,0.0033333333333333335,BAMS150,two_stage
67,5658,118.74169479042126,31.342534673279545,2,0.5066666666666666,1142.0376191160556,2,0.18,0.6866666666666666,0.13333333333333333,BAMS150,two_stage
68,7972,118.50705483820924,32.0862498970021,2,0.41666666666666663,1139.9312453725147,2,0.27,0.6866666666666666,0.043333333333333335,BAMS150,two_stage
69,1740,118.92513077143848,32.32870519218596,1,0.48666666666666664,1138.4068381569916,1,0.7433333333333333,0.25666666666666665,0.0,BAMS150,two_stage
70,9359,118.76657812379138,32.533700740022034,2,0.5166666666666667,1128.5984653106664,2,0.24,0.7566666666666667,0.0033333333333333335,BAMS150,two_stage
71,1529,118.73190315382436,32.02794923506274,1,0.3866666666666667,1128.5061917463092,1,0.6933333333333334,0.30666666666666664,0.0,BAMS150,two_stage
72,1796,118.80691248004834,32.053281726074914,1,0.34,1124.2292225347442,1,0.67,0.33,0.0,BAMS150,two_stage
73,6467,118.58386079500148,31.940722820974734,2,0.3933333333333333,1121.7315005293376,2,0.30333333333333334,0.6966666666666667,0.0,BAMS150,two_stage
74,5262,118.90473901448895,31.90676650323502,2,0.52,1121.381245961304,2,0.22,0.74,0.04,BAMS150,two_stage
75,11134,118.88264045849962,31.92491247197423,3,0.38,1110.4763843534108,3,0.26,0.1,0.64,BAMS150,two_stage
76,1525,118.77996302152476,32.54412119731782,1,0.45333333333333337,1108.629546432076,1,0.7266666666666667,0.2733333333333333,0.0,BAMS150,two_stage
77,6255,118.92962234785908,31.773456515071683,2,0.52,1107.7457910124492,2,0.24,0.76,0.0,BAMS150,two_stage
78,1785,118.9367190386036,31.729528897678236,1,0.4733333333333334,1106.6194731590876,1,0.7366666666666667,0.2633333333333333,0.0,BAMS150,two_stage
79,5291,118.77708841261556,31.95329923495241,2,0.5066666666666666,1105.8515595972804,2,0.2,0.7066666666666667,0.09333333333333334,BAMS150,two_stage
80,8532,118.96169220350214,32.467405072054014,2,0.4266666666666667,1099.7954556099717,2,0.2866666666666667,0.7133333333333334,0.0,BAMS150,two_stage
81,3712,118.89216260051128,31.96542649128802,1,0.48666666666666664,1095.3644355189015,1,0.7433333333333333,0.25666666666666665,0.0,BAMS150,two_stage
82,4904,118.61664930287183,32.21533780333007,1,0.5266666666666666,1093.082282394897,1,0.7633333333333333,0.23666666666666666,0.0,BAMS150,two_stage
83,5194,118.95477517581442,31.379904589098917,2,0.4666666666666666,1089.8081242150197,2,0.26666666666666666,0.7333333333333333,0.0,BAMS150,two_stage
84,5775,118.56310971193832,31.826007959192673,2,0.15333333333333332,1089.0077756769542,2,0.42333333333333334,0.5766666666666667,0.0,BAMS150,two_stage
85,11081,118.46195941094643,31.975846948583808,3,0.42666666666666664,1083.9971951185037,3,0.09333333333333334,0.24,0.6666666666666666,BAMS150,two_stage
86,3900,118.81733293734412,32.51196151014634,1,0.5133333333333334,1079.7272705349183,1,0.7566666666666667,0.24333333333333335,0.0,BAMS150,two_stage
87,7639,118.649617473799,31.769054770179498,2,0.4633333333333333,1073.9223029460577,2,0.25666666666666665,0.72,0.023333333333333334,BAMS150,two_stage
88,4058,119.0688612168976,32.21560729791531,1,0.49,1056.9190226469061,1,0.6966666666666667,0.09666666666666666,0.20666666666666667,BAMS150,two_stage
89,3830,119.19480501973116,31.373346887524846,1,0.43333333333333335,1055.4392769887365,1,0.7166666666666667,0.2833333333333333,0.0,BAMS150,two_stage
90,9175,118.63021386366204,32.243544903251426,2,0.4466666666666667,1055.0937566114624,2,0.27666666666666667,0.7233333333333334,0.0,BAMS150,two_stage
91,108,118.667493947953,32.18138148559036,1,0.32,1050.765565661508,1,0.66,0.34,0.0,BAMS150,two_stage
92,1243,118.583321805831,32.14688617868016,1,0.30666666666666664,1050.527832474543,1,0.6533333333333333,0.3466666666666667,0.0,BAMS150,two_stage
93,11928,118.6721651874304,32.08373461420656,3,0.51,1042.617076353243,3,0.09666666666666666,0.19666666666666666,0.7066666666666667,BAMS150,two_stage
94,6424,118.96618377992272,31.95141277285576,2,0.43333333333333335,1042.2859963100516,2,0.2833333333333333,0.7166666666666667,0.0,BAMS150,two_stage
95,3109,118.67944154123178,32.18829851327808,1,0.43333333333333335,1041.4065726261856,1,0.7166666666666667,0.2833333333333333,0.0,BAMS150,two_stage
96,4898,118.98711452604272,31.906317345592957,1,0.2933333333333333,1036.9975546940605,1,0.6466666666666666,0.35333333333333333,0.0,BAMS150,two_stage
97,868,118.90006777501154,32.05705465026821,1,0.35666666666666663,1032.9699753225764,1,0.6766666666666666,0.32,0.0033333333333333335,BAMS150,two_stage
98,6192,119.04568468256733,32.05552751428521,2,0.5066666666666666,1028.8007604314607,2,0.24666666666666667,0.7533333333333333,0.0,BAMS150,two_stage
99,3184,118.88533540435198,32.03711205096076,1,0.4533333333333333,1028.439533443028,1,0.72,0.013333333333333334,0.26666666666666666,BAMS150,two_stage
100,2929,118.63578341842356,31.796453386345146,1,0.42000000000000004,1023.9364710935677,1,0.6933333333333334,0.2733333333333333,0.03333333333333333,BAMS150,two_stage
101,7332,119.16938269719056,31.648590690579063,2,0.4733333333333334,1015.9225472024239,2,0.2633333333333333,0.7366666666666667,0.0,BAMS150,two_stage
102,4589,118.61745778662754,32.0712480317573,1,0.3633333333333334,1013.5572296240504,1,0.67,0.30666666666666664,0.023333333333333334,BAMS150,two_stage
103,8872,118.7969411803946,31.851430281733258,2,0.45333333333333337,1009.9660352708004,2,0.27,0.7233333333333334,0.006666666666666667,BAMS150,two_stage
104,1929,118.63802920663387,32.58724033095555,1,0.52,1008.3769232921045,1,0.7533333333333333,0.23333333333333334,0.013333333333333334,BAMS150,two_stage
105,11775,119.10380568144984,31.3602314843767,3,0.35,1005.2479961331676,3,0.08333333333333333,0.2833333333333333,0.6333333333333333,BAMS150,two_stage
106,981,118.44246596928106,31.89859183414953,1,0.3466666666666667,1005.0988225581174,1,0.6733333333333333,0.32666666666666666,0.0,BAMS150,two_stage
107,2158,118.97022619870128,31.56855079876402,1,0.34666666666666673,998.384443514899,1,0.6033333333333334,0.14,0.25666666666666665,BAMS150,two_stage
108,8049,118.95423618664394,31.376401159490857,2,0.32,989.7836366029074,2,0.34,0.66,0.0,BAMS150,two_stage
109,4658,119.05071524815838,32.06927173813224,1,0.2733333333333334,984.6808469290306,1,0.6366666666666667,0.36333333333333334,0.0,BAMS150,two_stage
110,3144,118.74259310570538,32.15137775510076,1,0.45999999999999996,983.562485860589,1,0.73,0.27,0.0,BAMS150,two_stage
111,8703,119.02259797976544,31.94683136490675,2,0.4033333333333333,981.0352412586944,2,0.2833333333333333,0.6866666666666666,0.03,BAMS150,two_stage
112,6691,118.85335538023732,32.331040811924666,2,0.3666666666666667,972.8884930391396,2,0.31666666666666665,0.6833333333333333,0.0,BAMS150,two_stage
113,2070,118.96645327450796,32.08732787534304,1,0.5,970.0145080452576,1,0.75,0.25,0.0,BAMS150,two_stage
114,4905,118.86943522382306,31.95886878971395,1,0.49,969.878893070418,1,0.6866666666666666,0.11666666666666667,0.19666666666666666,BAMS150,two_stage
115,1719,118.80933793131548,32.10008395237754,1,0.5133333333333333,968.1756299117135,1,0.7533333333333333,0.24,0.006666666666666667,BAMS150,two_stage
116,6074,118.84239593377106,31.87793058261478,2,0.4933333333333333,966.9882467571887,2,0.24,0.7333333333333333,0.02666666666666667,BAMS150,two_stage
117,5812,118.76118823208668,32.30633714161138,2,0.28,965.1594814980039,2,0.36,0.64,0.0,BAMS150,two_stage
118,4179,118.73783203469957,31.80193310957827,1,0.4066666666666667,960.4875688258669,1,0.7033333333333334,0.2966666666666667,0.0,BAMS150,two_stage
119,14565,118.7231894955684,31.90928178603055,3,0.36999999999999994,957.9020896590756,3,0.2966666666666667,0.03666666666666667,0.6666666666666666,BAMS150,two_stage
120,6389,118.84446205892452,31.33624646629071,2,0.4033333333333334,956.7280042100077,2,0.29,0.6933333333333334,0.016666666666666666,BAMS150,two_stage
121,10576,118.64234111999764,32.04771217131337,3,0.3533333333333334,950.8713986146128,3,0.31666666666666665,0.013333333333333334,0.67,BAMS150,two_stage
122,8995,118.82892120450929,32.045915540745135,2,0.5166666666666666,950.0108520504707,2,0.01,0.7533333333333333,0.23666666666666666,BAMS150,two_stage
123,8265,119.13318059124056,31.546452242774677,2,0.32,949.5885077656953,2,0.34,0.66,0.0,BAMS150,two_stage
124,10624,118.77672908650192,31.24282167674228,3,0.42,949.0819991245148,3,0.24333333333333335,0.09333333333333334,0.6633333333333333,BAMS150,two_stage
125,9750,119.0305929857941,31.73608659925231,2,0.2766666666666666,948.5141750484172,2,0.3566666666666667,0.6333333333333333,0.01,BAMS150,two_stage
126,3429,118.8811133225166,31.327712471091573,1,0.5066666666666666,946.8434765556549,1,0.75,0.006666666666666667,0.24333333333333335,BAMS150,two_stage
127,7644,118.90482884601737,31.89481890995623,2,0.3466666666666667,941.9165109751551,2,0.32666666666666666,0.6733333333333333,0.0,BAMS150,two_stage
128,2051,118.86135038626598,32.282172460468566,1,0.48,940.9026047107392,1,0.74,0.26,0.0,BAMS150,two_stage
129,11832,118.42306235914408,31.91592931913304,3,0.49,939.7943101993447,3,0.10333333333333333,0.20333333333333334,0.6933333333333334,BAMS150,two_stage
130,5255,118.76801542824596,31.97396048648716,2,0.2866666666666666,936.8319477886641,2,0.3566666666666667,0.6433333333333333,0.0,BAMS150,two_stage
131,4496,119.00391302185577,32.39913311046093,1,0.4466666666666667,935.9950445808295,1,0.7233333333333334,0.27666666666666667,0.0,BAMS150,two_stage
132,7007,118.84392306975408,32.245700859933315,2,0.4066666666666667,933.6019219068036,2,0.2966666666666667,0.7033333333333334,0.0,BAMS150,two_stage
133,2888,118.63353763021328,32.08014135307008,1,0.42,933.5244389371435,1,0.71,0.29,0.0,BAMS150,two_stage
134,1116,118.81364984467923,31.852238765488963,1,0.26666666666666666,932.2263923941139,1,0.6333333333333333,0.36666666666666664,0.0,BAMS150,two_stage
135,9455,119.0477508077208,31.67006042586952,2,0.5066666666666666,930.2031966266061,2,0.24666666666666667,0.7533333333333333,0.0,BAMS150,two_stage
136,3449,118.54837734127877,31.959946768054895,1,0.3833333333333333,928.8273576681606,1,0.69,0.30666666666666664,0.0033333333333333335,BAMS150,two_stage
137,161,118.85605032608969,31.300673181039578,1,0.44999999999999996,928.000342956653,1,0.6866666666666666,0.07666666666666666,0.23666666666666666,BAMS150,two_stage
138,13112,118.6570734906572,32.047532508256545,3,0.44,927.9524297079047,3,0.24333333333333335,0.07333333333333333,0.6833333333333333,BAMS150,two_stage
139,4916,118.918483238336,32.39077877831862,1,0.4733333333333334,925.468703780198,1,0.7366666666666667,0.2633333333333333,0.0,BAMS150,two_stage
140,5166,119.08224611463098,31.929044722281184,2,0.48,922.6305130284632,2,0.26,0.74,0.0,BAMS150,two_stage
141,13425,118.71681145705116,32.05346138913173,3,0.36333333333333334,919.6547358546765,3,0.08333333333333333,0.27666666666666667,0.64,BAMS150,two_stage
142,888,118.78274779890552,32.28145380824127,1,0.4266666666666667,919.5448022865955,1,0.7133333333333334,0.2866666666666667,0.0,BAMS150,two_stage
143,3121,119.18115062741252,31.39095386709359,1,0.5,918.5215666636796,1,0.7133333333333334,0.21333333333333335,0.07333333333333333,BAMS150,two_stage
144,1422,118.48504611374833,31.870474565756588,1,0.3866666666666666,917.88823826511,1,0.69,0.30333333333333334,0.006666666666666667,BAMS150,two_stage
145,4511,118.77080020562674,32.03145266467081,1,0.4066666666666667,910.7553178677963,1,0.7033333333333334,0.2966666666666667,0.0,BAMS150,two_stage
146,6602,118.68240598166938,32.01456433732936,2,0.30000000000000004,909.2037569454541,2,0.35,0.65,0.0,BAMS150,two_stage
147,8628,118.92441211921118,32.00486253226087,2,0.26000000000000006,907.2160976132068,2,0.36666666666666664,0.6266666666666667,0.006666666666666667,BAMS150,two_stage
148,11303,118.64171229929876,32.01672029401125,3,0.38,905.3364525174852,3,0.06,0.28,0.66,BAMS150,two_stage
149,9681,118.87769972443697,32.22018870586432,2,0.48666666666666664,904.2144623812665,2,0.25666666666666665,0.7433333333333333,0.0,BAMS150,two_stage
150,4500,118.87150134897654,31.92940404839483,1,0.49333333333333335,903.5368458490941,1,0.7466666666666667,0.25333333333333335,0.0,BAMS150,two_stage
