PointID,Original_ID,lon,lat,Class,margin,BoundaryScore,RF_Pred,prob_1,prob_2,prob_3,Method
1,6209,117.30133606386404,32.325291594106304,2,0.5566666666666666,3539.091455534878,2,0.22,0.7766666666666666,0.0033333333333333335,BAMS150
2,6315,116.830529023457,31.938836358878085,2,0.34,3197.5127341682473,2,0.33,0.67,0.0,BAMS150
3,899,116.8177729464225,31.75396307340629,1,0.36000000000000004,2967.2307661473396,1,0.68,0.32,0.0,BAMS150
4,9364,117.23989129843024,32.165121978947795,2,0.2733333333333334,2650.29617973533,2,0.36333333333333334,0.6366666666666667,0.0,BAMS150
5,6192,117.60388865155548,32.02148136501708,2,0.4266666666666667,2230.878511346664,2,0.2866666666666667,0.7133333333333334,0.0,BAMS150
6,6699,117.42943582337946,31.81522817578324,2,0.3366666666666666,2179.207043531016,2,0.33,0.6666666666666666,0.0033333333333333335,BAMS150
7,5203,117.23737601563472,31.71030495059808,2,0.40333333333333327,2161.565725595947,2,0.2966666666666667,0.7,0.0033333333333333335,BAMS150
8,6556,116.98665621983696,31.727283109467937,2,0.3133333333333333,1938.8930952168378,2,0.3433333333333333,0.6566666666666666,0.0,BAMS150
9,8014,117.25704912035694,32.335352725288445,2,0.43333333333333335,1790.8062407874272,2,0.2833333333333333,0.7166666666666667,0.0,BAMS150
10,7227,117.4507258956131,32.155599836936126,2,0.2866666666666666,1784.8446367109773,2,0.3566666666666667,0.6433333333333333,0.0,BAMS150
11,9047,117.15733612381966,31.764473362230486,2,0.35333333333333333,1680.2895172801113,2,0.3233333333333333,0.6766666666666666,0.0,BAMS150
12,12037,117.45566662967576,31.81936042609019,3,0.39666666666666667,1655.4571472357961,3,0.2866666666666667,0.03,0.6833333333333333,BAMS150
13,6943,116.99860381311576,32.52363960883989,2,0.2733333333333334,1593.7514152484628,2,0.36333333333333334,0.6366666666666667,0.0,BAMS150
14,9516,117.4371613348229,32.10709081159367,2,0.32666666666666666,1553.313649615075,2,0.33666666666666667,0.6633333333333333,0.0,BAMS150
15,6115,117.17054135849622,31.671138404210467,2,0.5866666666666667,1544.1216776477238,2,0.17666666666666667,0.7633333333333333,0.06,BAMS150
16,7266,117.00758696595696,31.83993184609653,2,0.3866666666666667,1515.6313848259974,2,0.30666666666666664,0.6933333333333334,0.0,BAMS150
17,92,117.2892088075284,31.728989908507764,1,0.5333333333333333,1500.3287523927777,1,0.7633333333333333,0.23,0.006666666666666667,BAMS150
18,8713,116.99159695389962,31.821606214300488,2,0.26,1498.7607516216763,2,0.37,0.63,0.0,BAMS150
19,2551,117.75489545081597,32.20339021005128,1,0.48,1448.5081281296693,1,0.74,0.26,0.0,BAMS150
20,9196,117.77250243038472,32.19431722568168,2,0.40333333333333327,1422.6363239243228,2,0.2866666666666667,0.69,0.023333333333333334,BAMS150
21,2418,117.02995501653152,32.49381554140712,1,0.45000000000000007,1386.7458295143797,1,0.7233333333333334,0.2733333333333333,0.0033333333333333335,BAMS150
22,5348,117.20288070872452,32.50800892289622,2,0.34,1363.7375539823888,2,0.32,0.66,0.02,BAMS150
23,4182,116.96716277817156,31.57726445701998,1,0.4733333333333334,1356.8905778114927,1,0.7366666666666667,0.2633333333333333,0.0,BAMS150
24,5698,117.4830652458414,31.90029863318936,2,0.37999999999999995,1355.789988920533,2,0.31,0.69,0.0,BAMS150
25,4251,117.3139124778417,31.927787080883416,1,0.5800000000000001,1342.2328816326715,1,0.79,0.21,0.0,BAMS150
26,8877,116.809598277337,31.89338160550164,2,0.36000000000000004,1327.6444809902487,2,0.32,0.68,0.0,BAMS150
27,9506,117.52348943362678,31.94970597381593,2,0.32,1294.4953052559028,2,0.34,0.66,0.0,BAMS150
28,5836,117.4529716838234,31.77893623830481,2,0.5066666666666666,1262.4060603315463,2,0.24666666666666667,0.7533333333333333,0.0,BAMS150
29,3100,117.40086939734448,31.80408906626016,1,0.5766666666666667,1254.4909400677836,1,0.75,0.17333333333333334,0.07666666666666666,BAMS150
30,5675,117.45180387395403,31.80004664748162,2,0.3866666666666667,1253.7823163775931,2,0.30666666666666664,0.6933333333333334,0.0,BAMS150
31,7725,117.2117740300373,31.791153326168835,2,0.32,1241.8001916806973,2,0.34,0.66,0.0,BAMS150
32,5186,117.70962036049634,32.21147504760836,2,0.5466666666666666,1235.7150864909888,2,0.21666666666666667,0.7633333333333333,0.02,BAMS150
33,1341,117.03112282640087,31.623797188737367,1,0.32,1232.7465025360352,1,0.66,0.34,0.0,BAMS150
34,13148,117.40994238171407,31.79591439717467,3,0.5166666666666666,1215.7996026832234,3,0.2,0.08333333333333333,0.7166666666666667,BAMS150
35,3493,117.38631668974172,31.935332929270015,1,0.3733333333333333,1213.6059186491625,1,0.6866666666666666,0.31333333333333335,0.0,BAMS150
36,8820,117.13308161114844,32.16602029423191,2,0.3833333333333333,1210.616869597504,2,0.03,0.6766666666666666,0.29333333333333333,BAMS150
37,7009,117.39350321201468,31.904251220439484,2,0.4733333333333334,1210.2784191966853,2,0.2633333333333333,0.7366666666666667,0.0,BAMS150
38,8282,116.99195628001326,32.568465541517455,2,0.5766666666666667,1202.0197659848943,2,0.2,0.7766666666666666,0.023333333333333334,BAMS150
39,160,117.2252487592991,31.712999896450437,1,0.3866666666666667,1198.889652207208,1,0.6933333333333334,0.30666666666666664,0.0,BAMS150
40,4794,117.07783522117508,32.06469033018323,1,0.5266666666666666,1189.5745621118454,1,0.7633333333333333,0.23666666666666666,0.0,BAMS150
41,3140,117.38919129865091,31.993543759680964,1,0.45666666666666667,1182.0719986520314,1,0.72,0.2633333333333333,0.016666666666666666,BAMS150
42,11597,116.88918901150998,31.56855079876402,3,0.52,1179.459991416406,3,0.02666666666666667,0.22666666666666666,0.7466666666666667,BAMS150
43,4496,117.60568528212372,31.820528235959543,1,0.4733333333333334,1175.3752236476641,1,0.7366666666666667,0.2633333333333333,0.0,BAMS150
44,3600,117.83664214167084,32.24390422936507,1,0.56,1175.0927436130314,1,0.78,0.22,0.0,BAMS150
45,3827,116.98342228481413,32.59002510833633,1,0.3666666666666667,1174.866563493408,1,0.6833333333333333,0.31666666666666665,0.0,BAMS150
46,4335,117.02375664107107,32.55535013836931,1,0.43999999999999995,1173.5297460403622,1,0.72,0.28,0.0,BAMS150
47,8584,116.86709045552064,31.906497008649783,2,0.22666666666666663,1170.0409358670645,2,0.38666666666666666,0.6133333333333333,0.0,BAMS150
48,103,117.64224671418738,31.957790811373005,1,0.5666666666666667,1169.2924256426616,1,0.7833333333333333,0.21666666666666667,0.0,BAMS150
49,7092,117.38191494484954,31.99282510745367,2,0.5733333333333334,1163.7604387731385,2,0.21,0.7833333333333333,0.006666666666666667,BAMS150
50,6014,117.39143708686122,32.18120182253353,2,0.35333333333333333,1162.8829979480697,2,0.3233333333333333,0.6766666666666666,0.0,BAMS150
51,558,117.22848269432193,31.762137742491777,1,0.5866666666666667,1161.807592583947,1,0.7933333333333333,0.20666666666666667,0.0,BAMS150
52,4095,117.47066849492056,32.02184069113073,1,0.5266666666666666,1161.7231730544834,1,0.7633333333333333,0.23666666666666666,0.0,BAMS150
53,3067,117.13092565446657,32.547983953039534,1,0.52,1152.3551649636618,1,0.76,0.24,0.0,BAMS150
54,9835,117.45997854303954,31.84253696042047,2,0.5433333333333333,1151.7029542133532,2,0.16666666666666666,0.71,0.12333333333333334,BAMS150
55,9013,117.12805104555736,31.988872520203543,2,0.3133333333333333,1144.5099865659918,2,0.34,0.6533333333333333,0.006666666666666667,BAMS150
56,4410,117.53453871162144,32.18937649161902,1,0.5533333333333332,1141.0956007256868,1,0.7766666666666666,0.22333333333333333,0.0,BAMS150
57,2023,117.46914135893756,31.751268127553928,1,0.4466666666666667,1138.7399182997092,1,0.7233333333333334,0.27666666666666667,0.0,BAMS150
58,9274,117.1891364848775,31.792590630623422,2,0.4266666666666667,1134.9364174339346,2,0.2866666666666667,0.7133333333333334,0.0,BAMS150
59,6428,117.20018576287217,32.614010126422315,2,0.30666666666666664,1127.9343748441593,2,0.3466666666666667,0.6533333333333333,0.0,BAMS150
60,14901,117.29414954159108,31.866611810034875,3,0.56,1127.091515140826,3,0.15666666666666668,0.12666666666666668,0.7166666666666667,BAMS150
61,4968,117.23225561851524,31.86508467405187,1,0.48000000000000004,1125.387374996467,1,0.7366666666666667,0.25666666666666665,0.006666666666666667,BAMS150
62,4714,117.22542842235592,31.74084767025814,1,0.52,1118.6700065795865,1,0.76,0.24,0.0,BAMS150
63,1857,117.44704280294822,31.968211268668792,1,0.4066666666666667,1115.5103079013716,1,0.7033333333333334,0.2966666666666667,0.0,BAMS150
64,5887,117.19524502880952,32.19485621485215,2,0.4066666666666667,1113.7058649722285,2,0.2966666666666667,0.7033333333333334,0.0,BAMS150
65,3230,117.17278714670653,31.855652363568616,1,0.43999999999999995,1109.3759454356068,1,0.72,0.28,0.0,BAMS150
66,1693,117.80717740035172,32.16871524008427,1,0.4266666666666667,1103.7189855382487,1,0.7133333333333334,0.2866666666666667,0.0,BAMS150
67,5902,117.60820056491926,32.20195290559669,2,0.39999999999999997,1100.7754808542209,2,0.3,0.7,0.0,BAMS150
68,7767,117.31184635268822,31.999113314442504,2,0.4066666666666667,1099.0678541357274,2,0.2966666666666667,0.7033333333333334,0.0,BAMS150
69,6469,117.20880958959972,31.6210124113566,2,0.2933333333333333,1097.6881377040645,2,0.35333333333333333,0.6466666666666666,0.0,BAMS150
70,4740,117.5835867261344,31.851879439375313,1,0.54,1096.7272496708595,1,0.77,0.23,0.0,BAMS150
71,6305,117.36853004711617,32.441174265757724,2,0.5466666666666667,1094.9748776033477,2,0.21,0.7566666666666667,0.03333333333333333,BAMS150
72,8482,117.25094057642492,31.78270916249811,2,0.37,1093.6339536980636,2,0.31333333333333335,0.6833333333333333,0.0033333333333333335,BAMS150
73,10588,117.4229679533338,31.77803792302069,3,0.3266666666666667,1090.639995333344,3,0.31,0.05333333333333334,0.6366666666666667,BAMS150
74,3019,117.26926620822096,31.80193310957827,1,0.54,1090.4645703542851,1,0.77,0.23,0.0,BAMS150
75,9197,117.027439733736,32.54483984954511,2,0.30000000000000004,1088.0744248707813,2,0.35,0.65,0.0,BAMS150
76,2910,117.37239280283788,31.8750559737056,1,0.5066666666666666,1086.1754999806421,1,0.7533333333333333,0.24666666666666667,0.0,BAMS150
77,1410,117.50624178017168,32.08436343490545,1,0.5666666666666667,1083.625324304537,1,0.7833333333333333,0.21666666666666667,0.0,BAMS150
78,8505,117.12643407804596,31.81459935508435,2,0.4733333333333334,1078.0331902331852,2,0.2633333333333333,0.7366666666666667,0.0,BAMS150
79,545,117.21132487239524,31.751268127553928,1,0.5433333333333333,1074.3474031943254,1,0.77,0.22666666666666666,0.0033333333333333335,BAMS150
80,487,117.43437655744212,31.925541292673117,1,0.5133333333333334,1070.8180765962127,1,0.7566666666666667,0.24333333333333335,0.0,BAMS150
81,8602,117.00965309111042,32.44611499982038,2,0.28,1068.7539589596695,2,0.36,0.64,0.0,BAMS150
82,5015,116.85819713420788,31.87514580523401,2,0.5266666666666666,1068.656725533076,2,0.23666666666666666,0.7633333333333333,0.0,BAMS150
83,17,117.20764177973037,31.82951138880074,1,0.48999999999999994,1063.1833320353394,1,0.7433333333333333,0.25333333333333335,0.0033333333333333335,BAMS150
84,2666,117.05699430658352,32.60314051148447,1,0.45333333333333337,1061.7348262015028,1,0.7266666666666667,0.2733333333333333,0.0,BAMS150
85,9688,117.72749683465032,31.96443834447549,2,0.3866666666666667,1060.7741344507451,2,0.30666666666666664,0.6933333333333334,0.0,BAMS150
86,1869,117.49896542637032,32.13943016182198,1,0.53,1059.70613443737,1,0.7633333333333333,0.23333333333333334,0.0033333333333333335,BAMS150
87,7925,116.74357210395422,31.82609779072109,2,0.58,1058.4212600706346,2,0.20333333333333334,0.7833333333333333,0.013333333333333334,BAMS150
88,2717,117.55043889215035,31.76707847655443,1,0.51,1056.5443675293873,1,0.7533333333333333,0.24333333333333335,0.0033333333333333335,BAMS150
89,13362,117.3545163286839,31.713808380206142,3,0.5566666666666666,1056.4066154575655,3,0.07,0.18666666666666668,0.7433333333333333,BAMS150
90,1381,117.02510411399729,32.593259043359154,1,0.5233333333333333,1055.8498564963338,1,0.76,0.23666666666666666,0.0033333333333333335,BAMS150
91,1631,117.22704538986734,31.82133671971525,1,0.47000000000000003,1048.1037939798484,1,0.7266666666666667,0.016666666666666666,0.25666666666666665,BAMS150
92,6480,117.01657011879814,31.873528837722596,2,0.5766666666666667,1044.3152553321866,2,0.20666666666666667,0.7833333333333333,0.01,BAMS150
93,8345,117.3725724658947,32.05750380791027,2,0.42,1040.617589905222,2,0.29,0.71,0.0,BAMS150
94,7918,116.76989274177892,31.889159523666276,2,0.5,1040.1749200875195,2,0.25,0.75,0.0,BAMS150
95,4487,117.3770640423153,31.916019150661448,1,0.37999999999999995,1039.9056484417636,1,0.69,0.31,0.0,BAMS150
96,4572,117.19533486033792,32.3282560345439,1,0.41333333333333333,1035.5007957353148,1,0.7066666666666667,0.29333333333333333,0.0,BAMS150
97,7643,117.2318962924016,32.174374626374224,2,0.24,1035.3226889036616,2,0.38,0.62,0.0,BAMS150
98,5579,117.05591632824256,32.04402907864848,2,0.48666666666666664,1027.9571126567837,2,0.25666666666666665,0.7433333333333333,0.0,BAMS150
99,6730,117.12948835001195,31.65847215870438,2,0.35666666666666663,1027.248597079302,2,0.023333333333333334,0.6666666666666666,0.31,BAMS150
100,7413,116.92422330759064,31.80885013726599,2,0.28,1023.6450653035449,2,0.36,0.64,0.0,BAMS150
101,7131,117.30771410238128,32.21309201511978,2,0.5800000000000001,1022.7996052985299,2,0.21,0.79,0.0,BAMS150
102,9019,117.17575158714412,31.98797420491942,2,0.4666666666666666,1018.4474241264984,2,0.26666666666666666,0.7333333333333333,0.0,BAMS150
103,4380,117.5731662688386,32.23087865774534,1,0.26,1015.3901671133999,1,0.63,0.37,0.0,BAMS150
104,10509,117.41667974634495,32.32358479506647,3,0.49666666666666665,1015.2830260158573,3,0.056666666666666664,0.22333333333333333,0.72,BAMS150
105,6173,117.11277968572732,31.688925046836033,2,0.5933333333333333,1011.7253475363077,2,0.19333333333333333,0.7866666666666666,0.02,BAMS150
106,8537,117.28777150307384,31.884578115717265,2,0.5066666666666666,1004.7539589970247,2,0.24666666666666667,0.7533333333333333,0.0,BAMS150
107,2458,117.00084960132604,31.844872580159183,1,0.5800000000000001,1002.9140881270837,1,0.79,0.21,0.0,BAMS150
108,1063,116.80178293436516,31.69745904203517,1,0.45333333333333337,1002.4958676259936,1,0.7266666666666667,0.2733333333333333,0.0,BAMS150
109,1414,117.47120748409102,32.0727751677403,1,0.4733333333333334,995.5128727890942,1,0.7366666666666667,0.2633333333333333,0.0,BAMS150
110,5922,117.46330230959076,32.076637923462016,2,0.5866666666666667,995.1498164840978,2,0.20666666666666667,0.7933333333333333,0.0,BAMS150
111,3319,117.47956181623334,32.03360862135269,1,0.5666666666666667,994.8176105435855,1,0.7833333333333333,0.21666666666666667,0.0,BAMS150
112,5441,117.6686571835405,31.8931121109164,2,0.5466666666666666,994.226501654296,2,0.22666666666666666,0.7733333333333333,0.0,BAMS150
113,5923,117.26333732734577,31.659999294687385,2,0.48666666666666664,993.751173327186,2,0.25666666666666665,0.7433333333333333,0.0,BAMS150
114,5220,117.14368173150103,31.80148395193621,2,0.2933333333333333,991.290020468412,2,0.35333333333333333,0.6466666666666666,0.0,BAMS150
115,8981,117.22704538986734,31.872091533268005,2,0.4433333333333333,990.4698757324841,2,0.27666666666666667,0.72,0.0033333333333333335,BAMS150
116,1061,117.20018576287217,31.68739791085303,1,0.5666666666666667,988.5391384795626,1,0.7833333333333333,0.21666666666666667,0.0,BAMS150
117,8979,117.00938359652518,31.82627745377791,2,0.42,988.4573134257951,2,0.29,0.71,0.0,BAMS150
118,7059,117.58277824237868,31.9156598245478,2,0.33,986.0957278692915,2,0.3333333333333333,0.6633333333333333,0.0033333333333333335,BAMS150
119,10608,117.47821434330716,31.926259944900412,3,0.4433333333333333,985.9349925972845,3,0.07,0.24333333333333335,0.6866666666666666,BAMS150
120,11720,116.8629582052137,31.551392976837334,3,0.4866666666666667,984.4415247295327,3,0.20666666666666667,0.1,0.6933333333333334,BAMS150
121,4808,117.39260489673056,31.943327935298683,1,0.38,978.2390435114538,1,0.6866666666666666,0.30666666666666664,0.006666666666666667,BAMS150
122,7866,117.03543473976464,31.945933049622628,2,0.5900000000000001,976.8586405249598,2,0.01,0.79,0.2,BAMS150
123,9246,117.66443510170514,31.88152384375126,2,0.34,976.7079484286421,2,0.33,0.67,0.0,BAMS150
124,1586,117.55034906062195,31.761059764150833,1,0.5233333333333333,973.3132151801506,1,0.76,0.23666666666666666,0.0033333333333333335,BAMS150
125,927,117.6799759561204,31.92293617834917,1,0.5733333333333333,971.5159223551123,1,0.7866666666666666,0.21333333333333335,0.0,BAMS150
126,5062,117.14952078084782,31.969738404651796,2,0.22666666666666663,970.1624403539718,2,0.38666666666666666,0.6133333333333333,0.0,BAMS150
127,3617,117.3891014671225,31.934254950929073,1,0.4666666666666667,968.4930494105073,1,0.73,0.2633333333333333,0.006666666666666667,BAMS150
128,3886,117.16604978207565,31.75728683995753,1,0.54,967.0364516992854,1,0.77,0.23,0.0,BAMS150
129,824,116.88119400548132,32.58140128160878,1,0.48,965.0207819289947,1,0.74,0.26,0.0,BAMS150
130,5973,117.03417709836688,31.825289306965377,2,0.4966666666666667,963.9135536549408,2,0.25,0.7466666666666667,0.0033333333333333335,BAMS150
131,2773,117.37095549838328,32.45824225615599,1,0.5733333333333333,963.8179069167777,1,0.7866666666666666,0.21333333333333335,0.0,BAMS150
132,2604,117.15293437892748,31.628288765157965,1,0.5333333333333334,962.6634247852572,1,0.7666666666666667,0.23333333333333334,0.0,BAMS150
133,4512,116.95791013074512,31.95276024578194,1,0.39,962.0898459512223,1,0.6933333333333334,0.30333333333333334,0.0033333333333333335,BAMS150
134,7358,116.99941229687144,32.56595025872192,2,0.35666666666666663,959.5733767341376,2,0.32,0.6766666666666666,0.0033333333333333335,BAMS150
135,3118,117.38649635279856,32.07538028206425,1,0.4266666666666667,958.0249536548818,1,0.7133333333333334,0.2866666666666667,0.0,BAMS150
136,2862,117.33286693033662,31.846399716142187,1,0.3366666666666666,955.4791500993879,1,0.6666666666666666,0.33,0.0033333333333333335,BAMS150
137,2938,117.12616458346072,31.77300735742962,1,0.4266666666666667,953.726923983686,1,0.7133333333333334,0.2866666666666667,0.0,BAMS150
138,5623,117.20836043195766,31.76644965585555,2,0.2466666666666667,950.5310987009939,2,0.37,0.6166666666666667,0.013333333333333334,BAMS150
139,2745,117.2680983983516,31.718569451211977,1,0.41666666666666663,946.1299852526402,1,0.6433333333333333,0.13,0.22666666666666666,BAMS150
140,5379,116.80304057576292,31.697369210506757,2,0.56,945.4875612831908,2,0.22,0.78,0.0,BAMS150
141,630,116.94919647248918,31.791602483810895,1,0.55,944.6633985861328,1,0.77,0.22,0.01,BAMS150
142,9306,117.09634051602796,32.065947971581,2,0.5333333333333334,943.3153657777644,2,0.23333333333333334,0.7666666666666667,0.0,BAMS150
143,10405,117.15140724294449,31.756568187730235,3,0.5533333333333333,942.3842007262759,3,0.12666666666666668,0.16,0.7133333333333334,BAMS150
144,3557,117.57801717137284,31.914042857036385,1,0.5666666666666667,939.3316146516654,1,0.7833333333333333,0.21666666666666667,0.0,BAMS150
145,1905,117.31283449950077,31.804178897788567,1,0.5,939.1314518868337,1,0.75,0.25,0.0,BAMS150
146,6180,117.75013437981012,32.25369586596198,2,0.5700000000000001,935.8620051465891,2,0.07666666666666666,0.7466666666666667,0.17666666666666667,BAMS150
147,8624,117.33358558256391,31.706801520990012,2,0.35333333333333333,934.3587967245874,2,0.31,0.6633333333333333,0.02666666666666667,BAMS150
148,8013,117.28579520944876,32.01618130484078,2,0.4066666666666667,933.6004481014371,2,0.2866666666666667,0.6933333333333334,0.02,BAMS150
149,6535,117.12742222485848,31.780104048174167,2,0.39999999999999997,930.9857534754378,2,0.3,0.7,0.0,BAMS150
150,7218,117.08636921637422,32.06603780310941,2,0.32,929.3105187569292,2,0.34,0.66,0.0,BAMS150
